source_file,city
TAMARAC_PRR-265-2024.pdf,Tamarac
TAMARAC_PRR-265-2024.pdf,Tamarac
TAMARAC_PRR-265-2024.pdf,Tamarac
TAMARAC_PRR-265-2024.pdf,Tamarac
TAMARAC_PRR-265-2024.pdf,Tamarac
TAMARAC_PRR-265-2024.pdf,Tamarac
TAMARAC_PRR-265-2024.pdf,Tamarac
TAMARAC_PRR-265-2024.pdf,Tamarac
TAMARAC_PRR-265-2024.pdf,Tamarac
TAMARAC_PRR-265-2024.pdf,Tamarac
TAMARAC_PRR-265-2024.pdf,Tamarac
TAMARAC_PRR-265-2024.pdf,Tamarac
TAMARAC_PRR-265-2024.pdf,Tamarac
TAMARAC_PRR-265-2024.pdf,Tamarac
TAMARAC_PRR-265-2024.pdf,Tamarac
TAMARAC_PRR-265-2024.pdf,Tamarac
TAMARAC_PRR-265-2024.pdf,Tamarac
TAMARAC_PRR-265-2024.pdf,Tamarac
TAMARAC_PRR-265-2024.pdf,Tamarac
TAMARAC_PRR-265-2024.pdf,Tamarac
TAMARAC_PRR-265-2024.pdf,Tamarac
TAMARAC_PRR-265-2024.pdf,Tamarac
TAMARAC_PRR-265-2024.pdf,Tamarac
TAMARAC_PRR-265-2024.pdf,Tamarac
TAMARAC_PRR-265-2024.pdf,Tamarac
TAMARAC_PRR-265-2024.pdf,Tamarac
TAMARAC_PRR-265-2024.pdf,Tamarac
TAMARAC_PRR-265-2024.pdf,Tamarac
TAMARAC_PRR-265-2024.pdf,Tamarac
TAMARAC_PRR-265-2024.pdf,Tamarac
TAMARAC_PRR-265-2024.pdf,Tamarac
TAMARAC_PRR-265-2024.pdf,Tamarac
TAMARAC_PRR-265-2024.pdf,Tamarac
TAMARAC_PRR-265-2024.pdf,Tamarac
TAMARAC_PRR-265-2024.pdf,Tamarac
TAMARAC_PRR-265-2024.pdf,Tamarac
TAMARAC_PRR-265-2024.pdf,Tamarac
TAMARAC_PRR-265-2024.pdf,Tamarac
TAMARAC_PRR-265-2024.pdf,Tamarac
TAMARAC_PRR-265-2024.pdf,Tamarac
TAMARAC_PRR-265-2024.pdf,Tamarac
TAMARAC_PRR-265-2024.pdf,Tamarac
TAMARAC_PRR-265-2024.pdf,Tamarac
TAMARAC_PRR-265-2024.pdf,Tamarac
TAMARAC_PRR-265-2024.pdf,Tamarac
TAMARAC_PRR-265-2024.pdf,Tamarac
TAMARAC_PRR-265-2024.pdf,Tamarac
TAMARAC_PRR-265-2024.pdf,Tamarac
TAMARAC_PRR-265-2024.pdf,Tamarac
TAMARAC_PRR-265-2024.pdf,Tamarac
TAMARAC_PRR-265-2024.pdf,Tamarac
TAMARAC_PRR-265-2024.pdf,Tamarac
TAMARAC_PRR-265-2024.pdf,Tamarac
TAMARAC_PRR-265-2024.pdf,Tamarac
TAMARAC_PRR-265-2024.pdf,Tamarac
TAMARAC_PRR-265-2024.pdf,Tamarac
TAMARAC_PRR-265-2024.pdf,Tamarac
TAMARAC_PRR-265-2024.pdf,Tamarac
TAMARAC_PRR-265-2024.pdf,Tamarac
TAMARAC_PRR-265-2024.pdf,Tamarac
TAMARAC_PRR-265-2024.pdf,Tamarac
TAMARAC_PRR-265-2024.pdf,Tamarac
TAMARAC_PRR-265-2024.pdf,Tamarac
TAMARAC_PRR-265-2024.pdf,Tamarac
TAMARAC_PRR-265-2024.pdf,Tamarac
TAMARAC_PRR-265-2024.pdf,Tamarac
