violation_id_raw,violation_code_raw,violation_description_raw,case_disposition_raw,address_raw,case_status_raw,opened_date_raw,days_active_raw,last_action_raw,result_date_raw,next_action_raw,due_date_raw,chunk_id,source_file,city
23 09003645,CO 96.26(D)(4),NUISANCE; STATE OF REPAIR,Public,598 E ATLANTIC BL,ACTIVE,11/27/2023,52,NOTICE VIOLATION/ HEARING (CC),231220,COMPLIANCE DEADLINE INSP.,02/02/2024,4,pompanoViolations_20240124-30p.json,Pompano Beach
23 09003645,CO 96.26(D)(5),NUISANCE; BARRIER CONDITION,Public,598 E ATLANTIC BL,ACTIVE,11/27/2023,52,NOTICE VIOLATION/ HEARING (CC),231220,COMPLIANCE DEADLINE INSP.,02/02/2024,4,pompanoViolations_20240124-30p.json,Pompano Beach
23 09003597,CO 155.5203(B)(6)(c),LANDSCAPING; TREE REMOVAL,Public,901 E ATLANTIC BL,ACTIVE,11/22/2023,57,AFFIDAVIT OF SERVICE (CC),231222,COMPLIANCE DEADLINE INSP.,02/02/2024,4,pompanoViolations_20240124-30p.json,Pompano Beach
23 09003597,CO 155.5203(B)(6)(a),LANDSCAPING; MAINTENANCE,Public,901 E ATLANTIC BL,ACTIVE,11/22/2023,57,AFFIDAVIT OF SERVICE (CC),231222,COMPLIANCE DEADLINE INSP.,02/02/2024,4,pompanoViolations_20240124-30p.json,Pompano Beach
23 09003597,CO 155.5204(G)(1)(a)(i),TREES; ABUSE PROHIBITED,Public,901 E ATLANTIC BL,ACTIVE,11/22/2023,57,AFFIDAVIT OF SERVICE (CC),231222,COMPLIANCE DEADLINE INSP.,02/02/2024,4,pompanoViolations_20240124-30p.json,Pompano Beach
23 09003558,CO 153.23(E)(7)(a),RENTAL; CEILINGS CONDITION,Public,1000 E ATLANTIC BL,ACTIVE,11/15/2023,64,COURTESY NOTICE LETTER (CC),231115,RE INSPECTION,11/22/2023,4,pompanoViolations_20240124-30p.json,Pompano Beach
23 09003558,CO 96.26(D)(3),NUISANCE; ROOF CONDITION,Public,1000 E ATLANTIC BL,ACTIVE,11/15/2023,64,COURTESY NOTICE LETTER (CC),231115,RE INSPECTION,11/22/2023,4,pompanoViolations_20240124-30p.json,Pompano Beach
23 09003558,CO 153.23(C)(1)(a),RENTAL; WATER CLOSET REQUIRED,Public,1000 E ATLANTIC BL,ACTIVE,11/15/2023,64,COURTESY NOTICE LETTER (CC),231115,RE INSPECTION,11/22/2023,4,pompanoViolations_20240124-30p.json,Pompano Beach
23 09003653,CO 155.8202(B),SPECIFIC VIOL; OCCUPY STUCTURE,Public,771 W ATLANTIC BL,ACTIVE,11/30/2023,49,COURTESY NOTICE LETTER (CC),231130,RE INSPECTION,12/07/2023,4,pompanoViolations_20240124-30p.json,Pompano Beach
23 09004012,CO 113.41(A),BTR; RENTAL HOUSING,Public,213 SW AVONDALE DR,ACTIVE,12/29/2023,20,COURTESY NOTICE LETTER (CC),231229,RE INSPECTION,01/05/2024,4,pompanoViolations_20240124-30p.json,Pompano Beach
23 09004012,CO 155.8202(F),SPECIFIC VIOL; DISTUB LANDSCAP,Public,213 SW AVONDALE DR,ACTIVE,12/29/2023,20,COURTESY NOTICE LETTER (CC),231229,RE INSPECTION,01/05/2024,4,pompanoViolations_20240124-30p.json,Pompano Beach
23 09004012,CO 155.4303(X)(4)(e),PARKING; SURFACE STANDARDS,Public,213 SW AVONDALE DR,ACTIVE,12/29/2023,20,COURTESY NOTICE LETTER (CC),231229,RE INSPECTION,01/05/2024,4,pompanoViolations_20240124-30p.json,Pompano Beach
23 09004012,C.O. 152.01 ORD.ADOPTION,"""City Ordinance"" 152.01 (B)",Public,213 SW AVONDALE DR,ACTIVE,12/29/2023,20,COURTESY NOTICE LETTER (CC),231229,RE INSPECTION,01/05/2024,12,pompanoViolations_20240124-30p.json,Pompano Beach
23 09004012,CO 113.41(C)(1),BTR; RENTAL HOUSING INSPECTION,Public,213 SW AVONDALE DR,ACTIVE,12/29/2023,20,COURTESY NOTICE LETTER (CC),231229,RE INSPECTION,01/05/2024,12,pompanoViolations_20240124-30p.json,Pompano Beach
24 09004052,CO 155.2411(B)(1),ZONING; TREE PERMIT REQ,Public,2202 BAY DR,ACTIVE,01/03/2024,15,,,RE INSPECTION,02/05/2024,12,pompanoViolations_20240124-30p.json,Pompano Beach
24 09004052,C.O. 152.01 ORD.ADOPTION,"""City Ordinance"" 152.01 (B)",Public,2202 BAY DR,ACTIVE,01/03/2024,15,,,RE INSPECTION,02/05/2024,12,pompanoViolations_20240124-30p.json,Pompano Beach
23 09003728,CO 100.02(C),DRIVEWAY; CONNECTION UNSAFE,Public,3205 COLONY CLUB RD,ACTIVE,12/07/2023,42,COURTESY NOTICE LETTER (CC),231207,RE INSPECTION,01/15/2024,12,pompanoViolations_20240124-30p.json,Pompano Beach
23 09003940,C.O. 152.01 ORD.ADOPTION,"""City Ordinance"" 152.01 (B)",Public,1900 W COPANS RD,ACTIVE,12/21/2023,28,COURTESY NOTICE LETTER (CC),231227,RE INSPECTION,12/29/2023,12,pompanoViolations_20240124-30p.json,Pompano Beach
23 09003940,CO 96.26(C)(1),NUISANCE; GARBAGE ACCUMULATION,Public,1900 W COPANS RD,ACTIVE,12/21/2023,28,COURTESY NOTICE LETTER (CC),231227,RE INSPECTION,12/29/2023,12,pompanoViolations_20240124-30p.json,Pompano Beach
23 09003500,CO 113.20(A),BTR; REQUIRED,Public,2701 N COURSE DR,ACTIVE,11/07/2023,72,AFFIDAVIT OF SERVICE (CC),231221,COMPLIANCE DEADLINE INSP.,02/02/2024,12,pompanoViolations_20240124-30p.json,Pompano Beach
23 09003500,CO 156.12 (H),Prohibited Signs; Portable,Public,2701 N COURSE DR,ACTIVE,11/07/2023,72,AFFIDAVIT OF SERVICE (CC),231221,COMPLIANCE DEADLINE INSP.,02/02/2024,12,pompanoViolations_20240124-30p.json,Pompano Beach
24 09004087,CO 153.23(E)(4)(a),RENTAL; STOVE BURNERS/ ELEMENTS,Public,2825 N COURSE DR,ACTIVE,01/16/2024,2,COURTESY NOTICE LETTER (CC),240116,RE INSPECTION,01/23/2024,12,pompanoViolations_20240124-30p.json,Pompano Beach
24 09004087,CO 153.23(E)(6)(a),RENTAL; WALLS CONDITION,Public,2825 N COURSE DR,ACTIVE,01/16/2024,2,COURTESY NOTICE LETTER (CC),240116,RE INSPECTION,01/23/2024,12,pompanoViolations_20240124-30p.json,Pompano Beach
23 09003955,CO 113.41(A),BTR; RENTAL HOUSING,Public,2827 N COURSE DR,ACTIVE,12/22/2023,27,COURTESY NOTICE LETTER (CC),231228,AFFIDAVIT OF ALLEGED VIOLATION,12/28/2023,12,pompanoViolations_20240124-30p.json,Pompano Beach
23 09003955,CO 153.25(D)(1),RENTAL; WINDOWS WORKING COND.,Public,2827 N COURSE DR,ACTIVE,12/22/2023,27,COURTESY NOTICE LETTER (CC),231228,AFFIDAVIT OF ALLEGED VIOLATION,12/28/2023,12,pompanoViolations_20240124-30p.json,Pompano Beach
23 09003814,CO 96.26(C)(3),NUISANCE; GRASS,Public,230 S,ACTIVE,12/12/2023,37,COURTESY,231213,RE INSPECTION,12/20/2023,12,pompanoViolations_20240124-30p.json,Pompano Beach
,,OR WEEDS,,CYPRESS RD,,,,NOTICE LETTER (CC),,,,20,pompanoViolations_20240124-30p.json,Pompano Beach
23 09003814,CO 156.12 (V),Prohibited Signs; Attention,Public,230 S CYPRESS RD,ACTIVE,12/12/2023,37,COURTESY NOTICE LETTER (CC),231213,RE INSPECTION,12/20/2023,20,pompanoViolations_20240124-30p.json,Pompano Beach
23 09003686,CO 153.23(B)(1),RENTAL; ELEC MAINTAINED,Public,707 DEL VISTA RD,ACTIVE,11/16/2023,63,COURTESY NOTICE LETTER (CC),231204,RE INSPECTION,12/18/2023,20,pompanoViolations_20240124-30p.json,Pompano Beach
23 09003565,CO 131.16(C)(5)(c),GRAFFITI; OWNER REMOVAL,Public,509 S DIXIE E HY,ACTIVE,11/16/2023,63,,,COURTESY NOTICE LETTER (CC),11/16/2023,20,pompanoViolations_20240124-30p.json,Pompano Beach
23 09003796,CO 155.8202(B),SPECIFIC VIOL; OCCUPY STUCTURE,Public,627 S DIXIE E HY,ACTIVE,12/12/2023,37,COURTESY NOTICE LETTER (CC),231212,RE INSPECTION,12/19/2023,20,pompanoViolations_20240124-30p.json,Pompano Beach
23 09003796,CO 113.20(A),BTR; REQUIRED,Public,627 S DIXIE E HY,ACTIVE,12/12/2023,37,COURTESY NOTICE LETTER (CC),231212,RE INSPECTION,12/19/2023,20,pompanoViolations_20240124-30p.json,Pompano Beach
23 09003796,CO 96.40(A-B),ABANDONED VEHICLES,Public,627 S DIXIE E HY,ACTIVE,12/12/2023,37,COURTESY NOTICE LETTER (CC),231212,RE INSPECTION,12/19/2023,20,pompanoViolations_20240124-30p.json,Pompano Beach
23 09003600,CO 155.5102(C) (10)(a),PARKING; MAINTAINED ALL TIMES,Public,2291 N DIXIE HY,ACTIVE,11/22/2023,57,COURTESY NOTICE LETTER (CC),231122,AFFIDAVIT OF ALLEGED VIOLATION,01/11/2024,20,pompanoViolations_20240124-30p.json,Pompano Beach
23 09003600,CO 113.20(A),BTR; REQUIRED,Public,2291 N DIXIE HY,ACTIVE,11/22/2023,57,COURTESY NOTICE LETTER (CC),231122,AFFIDAVIT OF ALLEGED VIOLATION,01/11/2024,20,pompanoViolations_20240124-30p.json,Pompano Beach
23 09003600,CO 155.8202(D),SPECIFIC VIOL; DISTURB LAND,Public,2291 N DIXIE HY,ACTIVE,11/22/2023,57,COURTESY NOTICE LETTER (CC),231122,AFFIDAVIT OF ALLEGED VIOLATION,01/11/2024,20,pompanoViolations_20240124-30p.json,Pompano Beach
24 09004099,CO 155.5102(C) (10)(a),PARKING; MAINTAINED ALL TIMES,Public,3181 N DIXIE HY,ACTIVE,01/17/2024,1,COURTESY NOTICE LETTER (CC),240118,RE INSPECTION,01/25/2024,20,pompanoViolations_20240124-30p.json,Pompano Beach
24 09004099,CO 96.26(D)(3),NUISANCE; ROOF CONDITION,Public,3181 N DIXIE HY,ACTIVE,01/17/2024,1,COURTESY NOTICE LETTER (CC),240118,RE INSPECTION,01/25/2024,20,pompanoViolations_20240124-30p.json,Pompano Beach
24 09004099,CO 96.26(C)(3),NUISANCE; GRASS OR WEEDS,Public,3181 N DIXIE HY,ACTIVE,01/17/2024,1,COURTESY NOTICE LETTER,240118,RE INSPECTION,01/25/2024,20,pompanoViolations_20240124-30p.json,Pompano Beach
,,,,,,,,(CC),,,,28,pompanoViolations_20240124-30p.json,Pompano Beach
24 09004099,CO 155.5203(B)(6)(a),LANDSCAPING; MAINTENANCE,Public,3181 N DIXIE HY,ACTIVE,01/17/2024,1,COURTESY NOTICE LETTER (CC),240118,RE INSPECTION,01/25/2024,28,pompanoViolations_20240124-30p.json,Pompano Beach
24 09004099,CO 96.26(D)(4),NUISANCE; STATE OF REPAIR,Public,3181 N DIXIE HY,ACTIVE,01/17/2024,1,COURTESY NOTICE LETTER (CC),240118,RE INSPECTION,01/25/2024,28,pompanoViolations_20240124-30p.json,Pompano Beach
24 09004099,CO 96.26(D)(5),NUISANCE; BARRIER CONDITION,Public,3181 N DIXIE HY,ACTIVE,01/17/2024,1,COURTESY NOTICE LETTER (CC),240118,RE INSPECTION,01/25/2024,28,pompanoViolations_20240124-30p.json,Pompano Beach
24 09004099,CO 96.26(C)(1),NUISANCE; GARBAGE ACCUMULATION,Public,3181 N DIXIE HY,ACTIVE,01/17/2024,1,COURTESY NOTICE LETTER (CC),240118,RE INSPECTION,01/25/2024,28,pompanoViolations_20240124-30p.json,Pompano Beach
24 09004099,CO 100.06(A),STREET ADDRESS NUMBERS,Public,3181 N DIXIE HY,ACTIVE,01/17/2024,1,COURTESY NOTICE LETTER (CC),240118,RE INSPECTION,01/25/2024,28,pompanoViolations_20240124-30p.json,Pompano Beach
23 09003938,CO 155.5102(C)(2)(a),OFF-STREET PARKING; SURFACING,Public,982 S DIXIE W HY,ACTIVE,12/21/2023,28,COURTESY NOTICE LETTER (CC),231221,RE INSPECTION,12/28/2023,28,pompanoViolations_20240124-30p.json,Pompano Beach
24 09004114,CO 156.07(B),Signs; Permanent Non-Res Dist.,Public,19 N FEDERAL HY,ACTIVE,01/18/2024,0,COURTESY NOTICE LETTER (CC),240118,RE INSPECTION,01/25/2024,28,pompanoViolations_20240124-30p.json,Pompano Beach
24 09004114,CO 96.26(D)(4),NUISANCE; STATE OF REPAIR,Public,19 N FEDERAL HY,ACTIVE,01/18/2024,0,COURTESY NOTICE LETTER (CC),240118,RE INSPECTION,01/25/2024,28,pompanoViolations_20240124-30p.json,Pompano Beach
23 09003932,CO 156.12 (N),Prohibited Signs; Disrepair,Public,40 N FEDERAL HY,ACTIVE,12/21/2023,28,COURTESY NOTICE LETTER (CC),231221,RE INSPECTION,01/22/2024,28,pompanoViolations_20240124-30p.json,Pompano Beach
23 09003633,CO 155.5203(B)(6) (a),LANDSCAPING; MAINTENANCE,Public,1000 N FEDERAL HY,ACTIVE,11/29/2023,50,AFFIDAVIT OF SERVICE (CC),240118,COMPLIANCE DEADLINE INSP.,02/02/2024,28,pompanoViolations_20240124-30p.json,Pompano Beach
23 09003633,CO 155.5204(G)(1) (a)(i),TREES; ABUSE PROHIBITED,Public,1000 N FEDERAL HY,ACTIVE,11/29/2023,50,AFFIDAVIT OF SERVICE (CC),240118,COMPLIANCE DEADLINE INSP.,02/02/2024,28,pompanoViolations_20240124-30p.json,Pompano Beach
23 09003633,CO 155.2411(B)(1),ZONING; TREE PERMIT REQ,Public,1000 N FEDERAL,ACTIVE,11/29/2023,50,AFFIDAVIT OF SERVICE (CC),240118,COMPLIANCE DEADLINE INSP.,02/02/2024,28,pompanoViolations_20240124-30p.json,Pompano Beach
,,,,HY,,,,,,,,36,pompanoViolations_20240124-30p.json,Pompano Beach
23 09003878,CO 156.12 (H),Prohibited Signs; Portable,Public,3301 N FEDERAL HY,ACTIVE,12/13/2023,36,COURTESY NOTICE LETTER (CC),231215,RE INSPECTION,12/22/2023,36,pompanoViolations_20240124-30p.json,Pompano Beach
23 09003846,CO 155.8202(B),SPECIFIC VIOL; OCCUPY STUCTURE,Public,21 S FEDERAL HY,ACTIVE,11/30/2023,49,COURTESY NOTICE LETTER (CC),231214,RE INSPECTION,12/21/2023,36,pompanoViolations_20240124-30p.json,Pompano Beach
23 09003846,CO 155.5102(C)(1)(a),PARKING/LOADING AREAS; NON-RES,Public,21 S FEDERAL HY,ACTIVE,11/30/2023,49,COURTESY NOTICE LETTER (CC),231214,RE INSPECTION,12/21/2023,36,pompanoViolations_20240124-30p.json,Pompano Beach
23 09003846,CO 96.40(A-B),ABANDONED VEHICLES,Public,21 S FEDERAL HY,ACTIVE,11/30/2023,49,COURTESY NOTICE LETTER (CC),231214,RE INSPECTION,12/21/2023,36,pompanoViolations_20240124-30p.json,Pompano Beach
23 09003478,CO 155.8202(B),SPECIFIC VIOL; OCCUPY STUCTURE,Public,491 S FEDERAL HY,ACTIVE,11/02/2023,77,ORDER OF CONTINUANCE,240118,SPECIAL MAGISTRATE HEARING,01/18/2024,36,pompanoViolations_20240124-30p.json,Pompano Beach
23 09003631,CO 156.12 (H),Prohibited Signs; Portable,Public,540 S FEDERAL HY,ACTIVE,11/29/2023,50,,,RE INSPECTION,12/29/2023,36,pompanoViolations_20240124-30p.json,Pompano Beach
23 09003631,CO 113.20(A),BTR; REQUIRED,Public,540 S FEDERAL HY,ACTIVE,11/29/2023,50,,,RE INSPECTION,12/29/2023,36,pompanoViolations_20240124-30p.json,Pompano Beach
23 09003703,CO 155.5203(B)(6)(c),LANDSCAPING; TREE REMOVAL,Public,777 S FEDERAL HY,ACTIVE,04/25/2023,268,,,COURTESY NOTICE (EVENT/HANGER),12/05/2023,36,pompanoViolations_20240124-30p.json,Pompano Beach
24 09004064,CO 97.50(A)(1),NOISE; CONSTRUCTION HOURS,Public,1115 S FEDERAL HY,ACTIVE,01/09/2024,9,,,COURTESY NOTICE LETTER (CC),01/16/2024,36,pompanoViolations_20240124-30p.json,Pompano Beach
23 09003464,CO 153.21(A),RENTAL; BUILDING REPAIRS,Public,1025 S FLAGLER AV,ACTIVE,10/27/2023,83,REPRINT VIOLATIONS,231102,RE INSPECTION,11/22/2023,36,pompanoViolations_20240124-30p.json,Pompano Beach
23 09003464,CO 153.25(D)(1),RENTAL; WINDOWS WORKING COND.,Public,1025 S FLAGLER AV,ACTIVE,10/27/2023,83,REPRINT VIOLATIONS,231102,RE INSPECTION,11/22/2023,36,pompanoViolations_20240124-30p.json,Pompano Beach
23 09003463,,,Public,1025 S FLAGLER AV,ACTIVE,11/01/2023,78,REPRINT VIOLATIONS,231102,INITIAL INSPECTION,11/02/2023,36,pompanoViolations_20240124-30p.json,Pompano Beach
23 09003464,CO 153.23(B)(1),RENTAL; ELEC MAINTAINED,Public,1025 S FLAGLER AV,ACTIVE,10/27/2023,83,REPRINT VIOLATIONS,231102,RE INSPECTION,11/22/2023,36,pompanoViolations_20240124-30p.json,Pompano Beach
23 09003464,CO 153.25(H),RENTAL; EXTERIOR ELECTRICAL,Public,1025 S FLAGLER AV,ACTIVE,10/27/2023,83,REPRINT VIOLATIONS,231102,RE INSPECTION,11/22/2023,44,pompanoViolations_20240124-30p.json,Pompano Beach
23 09003464,CO 113.41(A),BTR; RENTAL HOUSING,Public,1025 S FLAGLER AV,ACTIVE,10/27/2023,83,REPRINT VIOLATIONS,231102,RE INSPECTION,11/22/2023,44,pompanoViolations_20240124-30p.json,Pompano Beach
23 09003464,CO 153.33(D),RENTAL; SMOKE DETECTORS,Public,1025 S FLAGLER AV,ACTIVE,10/27/2023,83,REPRINT VIOLATIONS,231102,RE INSPECTION,11/22/2023,44,pompanoViolations_20240124-30p.json,Pompano Beach
23 09003476,CO 96.26(C)(7),NUISANCE; SIDEWALK OVERGROWTH,Public,3260 LAKEVIEW DR,ACTIVE,11/01/2023,78,NOTICE VIOLATION/ HEARING (CC),231221,COMPLIANCE DEADLINE INSP.,02/02/2024,44,pompanoViolations_20240124-30p.json,Pompano Beach
23 09003476,CO 96.26(C)(4),NUISANCE; DENSE TREES / GROWTH,Public,3260 LAKEVIEW DR,ACTIVE,11/01/2023,78,NOTICE VIOLATION/ HEARING (CC),231221,COMPLIANCE DEADLINE INSP.,02/02/2024,44,pompanoViolations_20240124-30p.json,Pompano Beach
23 09003476,CO 155.8202(B),SPECIFIC VIOL; OCCUPY STUCTURE,Public,3260 LAKEVIEW DR,ACTIVE,11/01/2023,78,NOTICE VIOLATION/ HEARING (CC),231221,COMPLIANCE DEADLINE INSP.,02/02/2024,44,pompanoViolations_20240124-30p.json,Pompano Beach
23 09003476,CO 155.4303(X)(4)(i)(i),PARKING; RES LICENSE PLATE,Public,3260 LAKEVIEW DR,ACTIVE,11/01/2023,78,NOTICE VIOLATION/ HEARING (CC),231221,COMPLIANCE DEADLINE INSP.,02/02/2024,44,pompanoViolations_20240124-30p.json,Pompano Beach
23 09003605,CO 155.8202(B),SPECIFIC VIOL; OCCUPY STUCTURE,Public,1406 N OCEAN BL,ACTIVE,11/16/2023,63,REPRINT VIOLATIONS,240111,COMPLIANCE DEADLINE INSP.,01/19/2024,44,pompanoViolations_20240124-30p.json,Pompano Beach
23 09003981,CO 96.26(C)(7),NUISANCE; SIDEWALK OVERGROWTH,Public,2500 N OCEAN BL,ACTIVE,12/28/2023,21,,,RE INSPECTION,01/04/2024,44,pompanoViolations_20240124-30p.json,Pompano Beach
23 09003582,CO 96.40(A-B),ABANDONED VEHICLES,Public,213 S OCEAN BL,ACTIVE,11/20/2023,59,AFFIDAVIT OF SERVICE (CC),231220,COMPLIANCE DEADLINE INSP.,01/19/2024,44,pompanoViolations_20240124-30p.json,Pompano Beach
23 09003582,C.O. 152.01 ORD.ADOPTION,"""City Ordinance"" 152.01 (B)",Public,213 S OCEAN BL,ACTIVE,11/20/2023,59,AFFIDAVIT OF SERVICE (CC),231220,COMPLIANCE DEADLINE INSP.,01/19/2024,44,pompanoViolations_20240124-30p.json,Pompano Beach
23 09003582,CO 113.41(A),BTR; RENTAL HOUSING,Public,213 S OCEAN BL,ACTIVE,11/20/2023,59,AFFIDAVIT OF SERVICE (CC),231220,COMPLIANCE DEADLINE INSP.,01/19/2024,44,pompanoViolations_20240124-30p.json,Pompano Beach
23 09003582,CO 153.23(B)(1),RENTAL; ELEC MAINTAINED,Public,213 S OCEAN BL,ACTIVE,11/20/2023,59,AFFIDAVIT OF SERVICE (CC),231220,COMPLIANCE DEADLINE INSP.,01/19/2024,44,pompanoViolations_20240124-30p.json,Pompano Beach
23 09003582,CO 156.12 (N),Prohibited Signs; Disrepair,Public,213 S OCEAN BL,ACTIVE,11/20/2023,59,AFFIDAVIT OF SERVICE (CC),231220,COMPLIANCE DEADLINE INSP.,01/19/2024,44,pompanoViolations_20240124-30p.json,Pompano Beach
23 09003582,CO 96.26(D)(4),NUISANCE; STATE OF REPAIR,Public,213 S OCEAN BL,ACTIVE,11/20/2023,59,AFFIDAVIT OF SERVICE (CC),231220,COMPLIANCE DEADLINE INSP.,01/19/2024,44,pompanoViolations_20240124-30p.json,Pompano Beach
24 09004085,CO 96.12(C)(4),GARBAGE; COMM RECEPTACLES,Public,1201 S OCEAN BL,ACTIVE,01/16/2024,2,,,COURTESY NOTICE LETTER (CC),01/16/2024,52,pompanoViolations_20240124-30p.json,Pompano Beach
24 09004085,CO 155.8202(B),SPECIFIC VIOL; OCCUPY STUCTURE,Public,1201 S OCEAN BL,ACTIVE,01/16/2024,2,,,COURTESY NOTICE LETTER (CC),01/16/2024,52,pompanoViolations_20240124-30p.json,Pompano Beach
23 09003499,CO 155.8202(B),SPECIFIC VIOL; OCCUPY STUCTURE,Public,1333 S OCEAN BL,ACTIVE,11/06/2023,73,,,RE INSPECTION,11/13/2023,52,pompanoViolations_20240124-30p.json,Pompano Beach
23 09003499,CO 113.20(A),BTR; REQUIRED,Public,1333 S OCEAN BL,ACTIVE,11/06/2023,73,,,RE INSPECTION,11/13/2023,52,pompanoViolations_20240124-30p.json,Pompano Beach
23 09003787,CO 113.20(A),BTR; REQUIRED,Public,1333 S OCEAN BL,ACTIVE,12/12/2023,37,COURTESY NOTICE LETTER (CC),231212,RE INSPECTION,01/15/2024,52,pompanoViolations_20240124-30p.json,Pompano Beach
23 09003522,C.O. 152.01 ORD.ADOPTION,"""City Ordinance"" 152.01 (B)",Public,3050 N PALM-AIRE DR,ACTIVE,11/09/2023,70,REPRINT VIOLATIONS,240116,RE INSPECTION,01/16/2024,52,pompanoViolations_20240124-30p.json,Pompano Beach
23 09003551,CO 155.2411(B)(1),ZONING; TREE PERMIT REQ,Public,3371 S PALM-AIRE DR,ACTIVE,11/15/2023,64,COURTESY NOTICE LETTER (CC),231115,RE INSPECTION,11/22/2023,52,pompanoViolations_20240124-30p.json,Pompano Beach
23 09003472,CO 155.5401(D)(1) (b),MAX LIGHT HEIGHT; MULT & 200FT,Public,4020 W PALM-AIRE DR,ACTIVE,11/02/2023,77,COURTESY NOTICE LETTER (CC),231107,RE INSPECTION,11/14/2023,52,pompanoViolations_20240124-30p.json,Pompano Beach
23 09003474,CO 155.5401(D)(1) (b),MAX LIGHT HEIGHT; MULT & 200FT,Public,4030 W PALM-AIRE DR,ACTIVE,11/02/2023,77,COURTESY NOTICE LETTER (CC),231107,RE INSPECTION,11/14/2023,52,pompanoViolations_20240124-30p.json,Pompano Beach
23 09003482,CO 96.26(C)(4),NUISANCE; DENSE TREES / GROWTH,Public,1231 N POWERLINE RD,ACTIVE,11/02/2023,77,FINAL ORDER/ STIPULATED (CC),240117,IMPOSE FINE HEARING-SCHEDULED,01/17/2024,52,pompanoViolations_20240124-30p.json,Pompano Beach
23 09003482,CO 96.26(C)(3),NUISANCE; GRASS OR WEEDS,Public,1231 N POWERLINE RD,ACTIVE,11/02/2023,77,FINAL ORDER/ STIPULATED (CC),240117,IMPOSE FINE HEARING-SCHEDULED,01/17/2024,52,pompanoViolations_20240124-30p.json,Pompano Beach
23 09003734,CO 96.26(C) (6),NUISANCE; DISCARDED OBJECTS,Public,518 N RIVERSIDE DR,ACTIVE,12/07/2023,42,NOTICE VIOLATION/ HEARING (CC),240118,RE INSPECTION,01/15/2024,52,pompanoViolations_20240124-30p.json,Pompano Beach
23 09003734,CO 155.8202(B),SPECIFIC VIOL; OCCUPY STUCTURE,Public,518 N RIVERSIDE DR,ACTIVE,12/07/2023,42,NOTICE VIOLATION/ HEARING (CC),240118,RE INSPECTION,01/15/2024,52,pompanoViolations_20240124-30p.json,Pompano Beach
23 09003819,CO,"LIGHTS; FLAGS,",Public,1210 N,ACTIVE,12/13/2023,36,COURTESY,231213,RE INSPECTION,01/15/2024,52,pompanoViolations_20240124-30p.json,Pompano Beach
,155.5401(G)(2),"STATUES, ETC",,RIVERSIDE DR,,,,NOTICE LETTER (CC),,,,60,pompanoViolations_20240124-30p.json,Pompano Beach
23 09003784,C.O. 152.01 ORD.ADOPTION,"""City Ordinance"" 152.01 (B)",Public,1650 N RIVERSIDE DR,ACTIVE,12/11/2023,38,COURTESY NOTICE LETTER (CC),231211,RE INSPECTION,01/11/2024,60,pompanoViolations_20240124-30p.json,Pompano Beach
23 09003781,C.O. 152.01 ORD.ADOPTION,"""City Ordinance"" 152.01 (B)",Public,210 S RIVERSIDE DR,ACTIVE,12/11/2023,38,COURTESY NOTICE LETTER (CC),231211,RE INSPECTION,01/11/2024,60,pompanoViolations_20240124-30p.json,Pompano Beach
23 09003683,CO 96.26(D)(4),NUISANCE; STATE OF REPAIR,Public,710 S RIVERSIDE DR,ACTIVE,11/30/2023,49,COURTESY NOTICE LETTER (CC),231205,RE INSPECTION,12/28/2023,60,pompanoViolations_20240124-30p.json,Pompano Beach
23 09003683,CO 96.26(C)(5),NUISANCE; SOIL ACCUMULATION,Public,710 S RIVERSIDE DR,ACTIVE,11/30/2023,49,COURTESY NOTICE LETTER (CC),231205,RE INSPECTION,12/28/2023,60,pompanoViolations_20240124-30p.json,Pompano Beach
24 09004022,CO 153.08(A),RENTAL; SHORT TERM PERMIT REQ,Public,3401 ROBBINS RD,ACTIVE,01/03/2024,15,COURTESY NOTICE LETTER (CC),240103,RE INSPECTION,01/24/2024,60,pompanoViolations_20240124-30p.json,Pompano Beach
23 09003504,,,Public,4071 SIENA CC,ACTIVE,11/07/2023,72,,,SPECIAL MAGISTRATE HEARING,02/07/2024,60,pompanoViolations_20240124-30p.json,Pompano Beach
23 09003760,CO 96.26(C)(3),NUISANCE; GRASS OR WEEDS,Public,500 NE 1 AV,ACTIVE,12/08/2023,41,AFFIDAVIT OF SERVICE (CC),231213,COMPLIANCE DEADLINE INSP.,01/19/2024,60,pompanoViolations_20240124-30p.json,Pompano Beach
23 09003760,CO 96.26(C)(1),NUISANCE; GARBAGE ACCUMULATION,Public,500 NE 1 AV,ACTIVE,12/08/2023,41,AFFIDAVIT OF SERVICE (CC),231213,COMPLIANCE DEADLINE INSP.,01/19/2024,60,pompanoViolations_20240124-30p.json,Pompano Beach
24 09004031,CO 155.4303(X)(4)(e),PARKING; SURFACE STANDARDS,Public,604 NE 1 AV,ACTIVE,01/03/2024,15,COURTESY NOTICE LETTER (CC),240103,RE INSPECTION,01/10/2024,60,pompanoViolations_20240124-30p.json,Pompano Beach
24 09004031,CO 155.8202(F),SPECIFIC VIOL; DISTUB LANDSCAP,Public,604 NE 1 AV,ACTIVE,01/03/2024,15,COURTESY NOTICE LETTER (CC),240103,RE INSPECTION,01/10/2024,60,pompanoViolations_20240124-30p.json,Pompano Beach
24 09004031,CO 96.26(C)(6),NUISANCE; DISCARDED OBJECTS,Public,604 NE 1 AV,ACTIVE,01/03/2024,15,COURTESY NOTICE LETTER (CC),240103,RE INSPECTION,01/10/2024,60,pompanoViolations_20240124-30p.json,Pompano Beach
24 09004031,CO 96.26(D)(5),NUISANCE; BARRIER,Public,604 NE 1 AV,ACTIVE,01/03/2024,15,COURTESY NOTICE LETTER,240103,RE INSPECTION,01/10/2024,60,pompanoViolations_20240124-30p.json,Pompano Beach
,,CONDITION,,,,,,(CC),,,,68,pompanoViolations_20240124-30p.json,Pompano Beach
24 09004031,CO 155.5102(C)(1)(c),PARKING AREAS; MARKINGS,Public,604 NE 1 AV,ACTIVE,01/03/2024,15,COURTESY NOTICE LETTER (CC),240103,RE INSPECTION,01/10/2024,68,pompanoViolations_20240124-30p.json,Pompano Beach
23 09003584,CO 155.5102(C)(10)(a),PARKING; MAINTAINED ALL TIMES,Public,2031 NE 1 AV,ACTIVE,11/20/2023,59,COURTESY NOTICE LETTER (CC),231120,RE INSPECTION,11/27/2023,68,pompanoViolations_20240124-30p.json,Pompano Beach
23 09003584,CO 96.26(C)(3),NUISANCE; GRASS OR WEEDS,Public,2031 NE 1 AV,ACTIVE,11/20/2023,59,COURTESY NOTICE LETTER (CC),231120,RE INSPECTION,11/27/2023,68,pompanoViolations_20240124-30p.json,Pompano Beach
23 09003584,CO 96.26(C)(6),NUISANCE; DISCARDED OBJECTS,Public,2031 NE 1 AV,ACTIVE,11/20/2023,59,COURTESY NOTICE LETTER (CC),231120,RE INSPECTION,11/27/2023,68,pompanoViolations_20240124-30p.json,Pompano Beach
23 09003584,CO 100.06(A),STREET ADDRESS NUMBERS,Public,2031 NE 1 AV,ACTIVE,11/20/2023,59,COURTESY NOTICE LETTER (CC),231120,RE INSPECTION,11/27/2023,68,pompanoViolations_20240124-30p.json,Pompano Beach
23 09003584,CO 96.26(C)(1),NUISANCE; GARBAGE ACCUMULATION,Public,2031 NE 1 AV,ACTIVE,11/20/2023,59,COURTESY NOTICE LETTER (CC),231120,RE INSPECTION,11/27/2023,68,pompanoViolations_20240124-30p.json,Pompano Beach
23 09003584,CO 96.12(A)(5),ROLL CARTS; PLACEMENT,Public,2031 NE 1 AV,ACTIVE,11/20/2023,59,COURTESY NOTICE LETTER (CC),231120,RE INSPECTION,11/27/2023,68,pompanoViolations_20240124-30p.json,Pompano Beach
23 09003584,CO 96.26(D)(4),NUISANCE; STATE OF REPAIR,Public,2031 NE 1 AV,ACTIVE,11/20/2023,59,COURTESY NOTICE LETTER (CC),231120,RE INSPECTION,11/27/2023,68,pompanoViolations_20240124-30p.json,Pompano Beach
23 09003594,CO 96.26(D)(4),NUISANCE; STATE OF REPAIR,Public,1901 NW 1 AV,ACTIVE,11/22/2023,57,COURTESY NOTICE LETTER (CC),231122,RE INSPECTION,11/29/2023,68,pompanoViolations_20240124-30p.json,Pompano Beach
23 09003594,CO 100.06(A),STREET ADDRESS NUMBERS,Public,1901 NW 1 AV,ACTIVE,11/22/2023,57,COURTESY NOTICE LETTER (CC),231122,RE INSPECTION,11/29/2023,68,pompanoViolations_20240124-30p.json,Pompano Beach
23 09003594,CO 96.26(C)(2),NUISANCE; STAGNANT WATER,Public,1901 NW 1 AV,ACTIVE,11/22/2023,57,COURTESY NOTICE LETTER (CC),231122,RE INSPECTION,11/29/2023,68,pompanoViolations_20240124-30p.json,Pompano Beach
23 09003594,CO 155.5102(C),PARKING; MAINTAINED ALL,Public,1901 NW 1 AV,ACTIVE,11/22/2023,57,COURTESY NOTICE LETTER,231122,RE INSPECTION,11/29/2023,68,pompanoViolations_20240124-30p.json,Pompano Beach
,(10)(a),TIMES,,,,,,(CC),,,,76,pompanoViolations_20240124-30p.json,Pompano Beach
23 09003594,CO 96.12(A)(5),ROLL CARTS; PLACEMENT,Public,1901 NW 1 AV,ACTIVE,11/22/2023,57,COURTESY NOTICE LETTER (CC),231122,RE INSPECTION,11/29/2023,76,pompanoViolations_20240124-30p.json,Pompano Beach
24 09004068,CO 113.41(A),BTR; RENTAL HOUSING,Public,461 SE 1 AV,ACTIVE,12/21/2023,28,COURTESY NOTICE LETTER (CC),240111,RE INSPECTION,01/18/2024,76,pompanoViolations_20240124-30p.json,Pompano Beach
24 09004068,CO 96.26(C)(10),NUISANCE; INFESTATION,Public,461 SE 1 AV,ACTIVE,12/21/2023,28,COURTESY NOTICE LETTER (CC),240111,RE INSPECTION,01/18/2024,76,pompanoViolations_20240124-30p.json,Pompano Beach
23 09003616,CO 153.08(A),RENTAL; SHORT TERM PERMIT REQ,Public,2600 SE 1 CT,ACTIVE,11/28/2023,51,AFFIDAVIT OF SERVICE (CC),240103,COMPLIANCE DEADLINE INSP.,02/02/2024,76,pompanoViolations_20240124-30p.json,Pompano Beach
23 09003616,CO 113.41(C)(1),BTR; RENTAL HOUSING INSPECTION,Public,2600 SE 1 CT,ACTIVE,11/28/2023,51,AFFIDAVIT OF SERVICE (CC),240103,COMPLIANCE DEADLINE INSP.,02/02/2024,76,pompanoViolations_20240124-30p.json,Pompano Beach
23 09003668,CO 153.23(E)(6)(a),RENTAL; WALLS CONDITION,Public,2645 SE 1 CT,ACTIVE,12/04/2023,45,COURTESY NOTICE LETTER (CC),231205,RE INSPECTION,01/04/2024,76,pompanoViolations_20240124-30p.json,Pompano Beach
23 09003668,CO 153.23(B)(1),RENTAL; MAINTAINED,Public,2645 SE 1 CT,ACTIVE,12/04/2023,45,COURTESY NOTICE LETTER (CC),231205,RE INSPECTION,01/04/2024,76,pompanoViolations_20240124-30p.json,Pompano Beach
24 09004041,CO 113.41(C)(1),BTR; RENTAL HOUSING INSPECTION,Public,215 SW 1 CT,ACTIVE,01/04/2024,14,COURTESY NOTICE LETTER (CC),240104,RE INSPECTION,01/11/2024,76,pompanoViolations_20240124-30p.json,Pompano Beach
24 09004041,CO 96.26(C)(1),NUISANCE; GARBAGE ACCUMULATION,Public,215 SW 1 CT,ACTIVE,01/04/2024,14,COURTESY NOTICE LETTER (CC),240104,RE INSPECTION,01/11/2024,76,pompanoViolations_20240124-30p.json,Pompano Beach
24 09004041,CO 100.06(A),STREET ADDRESS NUMBERS,Public,215 SW 1 CT,ACTIVE,01/04/2024,14,COURTESY NOTICE LETTER (CC),240104,RE INSPECTION,01/11/2024,76,pompanoViolations_20240124-30p.json,Pompano Beach
24 09004041,CO 96.12(A)(7),GARBAGE; RES. SCHEDULE,Public,215 SW 1 CT,ACTIVE,01/04/2024,14,COURTESY NOTICE LETTER (CC),240104,RE INSPECTION,01/11/2024,76,pompanoViolations_20240124-30p.json,Pompano Beach
24 09004041,CO 155.8202(F),SPECIFIC VIOL; DISTUB LANDSCAP,Public,215 SW 1 CT,ACTIVE,01/04/2024,14,COURTESY NOTICE LETTER (CC),240104,RE INSPECTION,01/11/2024,76,pompanoViolations_20240124-30p.json,Pompano Beach
24 09004041,CO 155.5102(C)(1)(c),PARKING AREAS; MARKINGS,Public,215 SW 1 CT,ACTIVE,01/04/2024,14,COURTESY NOTICE LETTER (CC),240104,RE INSPECTION,01/11/2024,84,pompanoViolations_20240124-30p.json,Pompano Beach
24 09004041,CO 155.5102(C)(2)(a),OFF-STREET PARKING; SURFACING,Public,215 SW 1 CT,ACTIVE,01/04/2024,14,COURTESY NOTICE LETTER (CC),240104,RE INSPECTION,01/11/2024,84,pompanoViolations_20240124-30p.json,Pompano Beach
24 09004041,CO 96.40(A-B),ABANDONED VEHICLES,Public,215 SW 1 CT,ACTIVE,01/04/2024,14,COURTESY NOTICE LETTER (CC),240104,RE INSPECTION,01/11/2024,84,pompanoViolations_20240124-30p.json,Pompano Beach
24 09004041,CO 113.41(A),BTR; RENTAL HOUSING,Public,215 SW 1 CT,ACTIVE,01/04/2024,14,COURTESY NOTICE LETTER (CC),240104,RE INSPECTION,01/11/2024,84,pompanoViolations_20240124-30p.json,Pompano Beach
23 09003817,CO 113.41(A),BTR; RENTAL HOUSING,Public,216 SW 1 CT,ACTIVE,12/13/2023,36,COURTESY NOTICE LETTER (CC),231213,RE INSPECTION,12/20/2023,84,pompanoViolations_20240124-30p.json,Pompano Beach
24 09004043,CO 155.5102(C)(1)(c),PARKING AREAS; MARKINGS,Public,217 SW 1 CT,ACTIVE,01/04/2024,14,COURTESY NOTICE LETTER (CC),240104,RE INSPECTION,01/11/2024,84,pompanoViolations_20240124-30p.json,Pompano Beach
24 09004043,CO 155.8202(F),SPECIFIC VIOL; DISTUB LANDSCAP,Public,217 SW 1 CT,ACTIVE,01/04/2024,14,COURTESY NOTICE LETTER (CC),240104,RE INSPECTION,01/11/2024,84,pompanoViolations_20240124-30p.json,Pompano Beach
24 09004043,CO 96.12(A)(7),GARBAGE; RES. SCHEDULE,Public,217 SW 1 CT,ACTIVE,01/04/2024,14,COURTESY NOTICE LETTER (CC),240104,RE INSPECTION,01/11/2024,84,pompanoViolations_20240124-30p.json,Pompano Beach
24 09004043,CO 96.12(A)(6)(a)(5),BULK TRASH; VOLUME LIMIT,Public,217 SW 1 CT,ACTIVE,01/04/2024,14,COURTESY NOTICE LETTER (CC),240104,RE INSPECTION,01/11/2024,84,pompanoViolations_20240124-30p.json,Pompano Beach
24 09004043,CO 96.26(D)(4),NUISANCE; STATE OF REPAIR,Public,217 SW 1 CT,ACTIVE,01/04/2024,14,COURTESY NOTICE LETTER (CC),240104,RE INSPECTION,01/11/2024,84,pompanoViolations_20240124-30p.json,Pompano Beach
23 09003818,CO 113.41(A),BTR; RENTAL HOUSING,Public,218 SW 1 CT,ACTIVE,12/13/2023,36,COURTESY NOTICE LETTER (CC),231213,AFFIDAVIT OF ALLEGED VIOLATION,01/13/2024,84,pompanoViolations_20240124-30p.json,Pompano Beach
23 09003818,CO 155.8202(B),SPECIFIC VIOL; OCCUPY STUCTURE,Public,218 SW 1 CT,ACTIVE,12/13/2023,36,COURTESY NOTICE LETTER (CC),231213,AFFIDAVIT OF ALLEGED VIOLATION,01/13/2024,84,pompanoViolations_20240124-30p.json,Pompano Beach
23 09003818,CO 96.26(D)(4),NUISANCE; STATE OF REPAIR,Public,218 SW 1 CT,ACTIVE,12/13/2023,36,COURTESY NOTICE LETTER (CC),231213,AFFIDAVIT OF ALLEGED VIOLATION,01/13/2024,92,pompanoViolations_20240124-30p.json,Pompano Beach
23 09003818,CO 113.41(C)(1),BTR; RENTAL HOUSING INSPECTION,Public,218 SW 1 CT,ACTIVE,12/13/2023,36,COURTESY NOTICE LETTER (CC),231213,AFFIDAVIT OF ALLEGED VIOLATION,01/13/2024,92,pompanoViolations_20240124-30p.json,Pompano Beach
23 09003826,CO 155.8202(B),SPECIFIC VIOL; OCCUPY STUCTURE,Public,222 SW 1 CT,ACTIVE,12/13/2023,36,COURTESY NOTICE LETTER (CC),231213,RE INSPECTION,12/20/2023,92,pompanoViolations_20240124-30p.json,Pompano Beach
23 09003826,CO 96.26(D)(1),NUISANCE; PROTECTIVE COATING,Public,222 SW 1 CT,ACTIVE,12/13/2023,36,COURTESY NOTICE LETTER (CC),231213,RE INSPECTION,12/20/2023,92,pompanoViolations_20240124-30p.json,Pompano Beach
23 09003826,CO 113.41(A),BTR; RENTAL HOUSING,Public,222 SW 1 CT,ACTIVE,12/13/2023,36,COURTESY NOTICE LETTER (CC),231213,RE INSPECTION,12/20/2023,92,pompanoViolations_20240124-30p.json,Pompano Beach
23 09003826,CO 113.41(C)(1),BTR; RENTAL HOUSING INSPECTION,Public,222 SW 1 CT,ACTIVE,12/13/2023,36,COURTESY NOTICE LETTER (CC),231213,RE INSPECTION,12/20/2023,92,pompanoViolations_20240124-30p.json,Pompano Beach
23 09003826,CO 96.26(D)(4),NUISANCE; STATE OF REPAIR,Public,222 SW 1 CT,ACTIVE,12/13/2023,36,COURTESY NOTICE LETTER (CC),231213,RE INSPECTION,12/20/2023,92,pompanoViolations_20240124-30p.json,Pompano Beach
23 09003826,CO 155.8202(F),SPECIFIC VIOL; DISTUB LANDSCAP,Public,222 SW 1 CT,ACTIVE,12/13/2023,36,COURTESY NOTICE LETTER (CC),231213,RE INSPECTION,12/20/2023,92,pompanoViolations_20240124-30p.json,Pompano Beach
23 09003826,CO 155.5102(C)(1)(c),PARKING AREAS; MARKINGS,Public,222 SW 1 CT,ACTIVE,12/13/2023,36,COURTESY NOTICE LETTER (CC),231213,RE INSPECTION,12/20/2023,92,pompanoViolations_20240124-30p.json,Pompano Beach
23 09003555,CO 153.25(H),RENTAL; EXTERIOR ELECTRICAL,Public,233 SW 1 CT,ACTIVE,11/15/2023,64,REPRINT VIOLATIONS,240117,RE INSPECTION,12/15/2023,92,pompanoViolations_20240124-30p.json,Pompano Beach
23 09003555,CO 153.23(B)(1),RENTAL; ELEC MAINTAINED,Public,233 SW 1 CT,ACTIVE,11/15/2023,64,REPRINT VIOLATIONS,240117,RE INSPECTION,12/15/2023,92,pompanoViolations_20240124-30p.json,Pompano Beach
24 09004130,CO 155.8202(F),SPECIFIC VIOL; DISTUB LANDSCAP,Public,301 SW 1 CT,ACTIVE,01/18/2024,0,COURTESY NOTICE LETTER (CC),240118,RE INSPECTION,01/25/2024,92,pompanoViolations_20240124-30p.json,Pompano Beach
24 09004130,CO 96.12(A)(7),GARBAGE; RES. SCHEDULE,Public,301 SW 1 CT,ACTIVE,01/18/2024,0,COURTESY NOTICE LETTER,240118,RE INSPECTION,01/25/2024,92,pompanoViolations_20240124-30p.json,Pompano Beach
,,,,,,,,(CC),,,,100,pompanoViolations_20240124-30p.json,Pompano Beach
24 09004130,CO 96.26(C)(1),NUISANCE; GARBAGE ACCUMULATION,Public,301 SW 1 CT,ACTIVE,01/18/2024,0,COURTESY NOTICE LETTER (CC),240118,RE INSPECTION,01/25/2024,100,pompanoViolations_20240124-30p.json,Pompano Beach
24 09004130,CO 96.40(A-B),ABANDONED VEHICLES,Public,301 SW 1 CT,ACTIVE,01/18/2024,0,COURTESY NOTICE LETTER (CC),240118,RE INSPECTION,01/25/2024,100,pompanoViolations_20240124-30p.json,Pompano Beach
24 09004130,CO 155.8202(B),SPECIFIC VIOL; OCCUPY STUCTURE,Public,301 SW 1 CT,ACTIVE,01/18/2024,0,COURTESY NOTICE LETTER (CC),240118,RE INSPECTION,01/25/2024,100,pompanoViolations_20240124-30p.json,Pompano Beach
24 09004130,CO 96.55(A-B),BOARDED BUILDING; PERMIT REQ,Public,301 SW 1 CT,ACTIVE,01/18/2024,0,COURTESY NOTICE LETTER (CC),240118,RE INSPECTION,01/25/2024,100,pompanoViolations_20240124-30p.json,Pompano Beach
24 09004130,CO 155.5102(C)(1)(c),PARKING AREAS; MARKINGS,Public,301 SW 1 CT,ACTIVE,01/18/2024,0,COURTESY NOTICE LETTER (CC),240118,RE INSPECTION,01/25/2024,100,pompanoViolations_20240124-30p.json,Pompano Beach
23 09003737,CO 153.21(A),RENTAL; BUILDING REPAIRS,Public,324 SW 1 CT,ACTIVE,12/07/2023,42,COURTESY NOTICE LETTER (CC),231207,RE INSPECTION,01/12/2024,100,pompanoViolations_20240124-30p.json,Pompano Beach
23 09003737,CO 153.23(B)(1),RENTAL; ELEC MAINTAINED,Public,324 SW 1 CT,ACTIVE,12/07/2023,42,COURTESY NOTICE LETTER (CC),231207,RE INSPECTION,01/12/2024,100,pompanoViolations_20240124-30p.json,Pompano Beach
23 09003737,CO 96.26(C)(1),NUISANCE; GARBAGE ACCUMULATION,Public,324 SW 1 CT,ACTIVE,12/07/2023,42,COURTESY NOTICE LETTER (CC),231207,RE INSPECTION,01/12/2024,100,pompanoViolations_20240124-30p.json,Pompano Beach
23 09003737,C.O. 152.01 ORD.ADOPTION,"""City Ordinance"" 152.01 (B)",Public,324 SW 1 CT,ACTIVE,12/07/2023,42,COURTESY NOTICE LETTER (CC),231207,RE INSPECTION,01/12/2024,100,pompanoViolations_20240124-30p.json,Pompano Beach
23 09003737,CO 153.25(H),RENTAL; EXTERIOR ELECTRICAL,Public,324 SW 1 CT,ACTIVE,12/07/2023,42,COURTESY NOTICE LETTER (CC),231207,RE INSPECTION,01/12/2024,100,pompanoViolations_20240124-30p.json,Pompano Beach
24 09004092,C.O. 152.01 ORD.ADOPTION,"""City Ordinance"" 152.01 (B)",Public,416 SW 1 CT,ACTIVE,01/16/2024,2,COURTESY NOTICE LETTER (CC),240116,RE INSPECTION,02/16/2024,100,pompanoViolations_20240124-30p.json,Pompano Beach
24 09004092,CO 153.23(E)(7)(a),RENTAL; CEILINGS CONDITION,Public,416 SW 1 CT,ACTIVE,01/16/2024,2,COURTESY NOTICE LETTER,240116,RE INSPECTION,02/16/2024,100,pompanoViolations_20240124-30p.json,Pompano Beach
,,,,,,,,(CC),,,,108,pompanoViolations_20240124-30p.json,Pompano Beach
24 09004092,CO 153.25(H),RENTAL; EXTERIOR ELECTRICAL,Public,416 SW 1 CT,ACTIVE,01/16/2024,2,COURTESY NOTICE LETTER (CC),240116,RE INSPECTION,02/16/2024,108,pompanoViolations_20240124-30p.json,Pompano Beach
24 09004092,CO 153.23(B)(1),RENTAL; ELEC MAINTAINED,Public,416 SW 1 CT,ACTIVE,01/16/2024,2,COURTESY NOTICE LETTER (CC),240116,RE INSPECTION,02/16/2024,108,pompanoViolations_20240124-30p.json,Pompano Beach
23 09003831,CO 113.41(C)(1),BTR; RENTAL HOUSING INSPECTION,Public,432 SW 1 CT,ACTIVE,12/13/2023,36,COURTESY NOTICE LETTER (CC),231219,RE INSPECTION,01/19/2024,108,pompanoViolations_20240124-30p.json,Pompano Beach
23 09003831,CO 153.23(B)(1),RENTAL; ELEC MAINTAINED,Public,432 SW 1 CT,ACTIVE,12/13/2023,36,COURTESY NOTICE LETTER (CC),231219,RE INSPECTION,01/19/2024,108,pompanoViolations_20240124-30p.json,Pompano Beach
23 09003831,CO 153.33(D),RENTAL; SMOKE DETECTORS,Public,432 SW 1 CT,ACTIVE,12/13/2023,36,COURTESY NOTICE LETTER (CC),231219,RE INSPECTION,01/19/2024,108,pompanoViolations_20240124-30p.json,Pompano Beach
23 09003831,CO 153.25(H),RENTAL; EXTERIOR ELECTRICAL,Public,432 SW 1 CT,ACTIVE,12/13/2023,36,COURTESY NOTICE LETTER (CC),231219,RE INSPECTION,01/19/2024,108,pompanoViolations_20240124-30p.json,Pompano Beach
23 09003834,CO 153.23(E)(8)(a),RENTAL; DOORS CONDITION,Public,436 SW 1 CT,ACTIVE,12/12/2023,37,COURTESY NOTICE LETTER (CC),231214,RE INSPECTION,01/14/2024,108,pompanoViolations_20240124-30p.json,Pompano Beach
23 09003834,CO 113.41(C)(1),BTR; RENTAL HOUSING INSPECTION,Public,436 SW 1 CT,ACTIVE,12/12/2023,37,COURTESY NOTICE LETTER (CC),231214,RE INSPECTION,01/14/2024,108,pompanoViolations_20240124-30p.json,Pompano Beach
23 09003834,CO 153.33(D),RENTAL; SMOKE DETECTORS,Public,436 SW 1 CT,ACTIVE,12/12/2023,37,COURTESY NOTICE LETTER (CC),231214,RE INSPECTION,01/14/2024,108,pompanoViolations_20240124-30p.json,Pompano Beach
23 09003834,CO 153.23(B)(1),RENTAL; ELEC MAINTAINED,Public,436 SW 1 CT,ACTIVE,12/12/2023,37,COURTESY NOTICE LETTER (CC),231214,RE INSPECTION,01/14/2024,108,pompanoViolations_20240124-30p.json,Pompano Beach
23 09003834,CO 153.21(A),RENTAL; BUILDING REPAIRS,Public,436 SW 1 CT,ACTIVE,12/12/2023,37,COURTESY NOTICE LETTER (CC),231214,RE INSPECTION,01/14/2024,108,pompanoViolations_20240124-30p.json,Pompano Beach
23 09003834,CO 153.25(H),RENTAL; EXTERIOR ELECTRICAL,Public,436 SW 1 CT,ACTIVE,12/12/2023,37,COURTESY NOTICE LETTER,231214,RE INSPECTION,01/14/2024,108,pompanoViolations_20240124-30p.json,Pompano Beach
,,,,,,,,(CC),,,,116,pompanoViolations_20240124-30p.json,Pompano Beach
23 09003833,CO 113.41(C)(1),BTR; RENTAL HOUSING INSPECTION,Public,440 SW 1 CT,ACTIVE,12/13/2023,36,COURTESY NOTICE LETTER (CC),231219,RE INSPECTION,12/26/2023,116,pompanoViolations_20240124-30p.json,Pompano Beach
23 09003833,CO 153.23(B)(1),RENTAL; ELEC MAINTAINED,Public,440 SW 1 CT,ACTIVE,12/13/2023,36,COURTESY NOTICE LETTER (CC),231219,RE INSPECTION,12/26/2023,116,pompanoViolations_20240124-30p.json,Pompano Beach
23 09003654,CO 155.5203(B)(6)(c),LANDSCAPING; TREE REMOVAL,Public,475 NE 1 ST,ACTIVE,12/01/2023,48,AFFIDAVIT OF SERVICE (CC),231222,COMPLIANCE DEADLINE INSP.,02/02/2024,116,pompanoViolations_20240124-30p.json,Pompano Beach
23 09003782,CO 96.12(B)(5),GARBAGE; MULTI-FAM ROLL CARTS,Public,900 SE 1 ST,ACTIVE,12/05/2023,44,,,COURTESY NOTICE LETTER (CC),12/05/2023,116,pompanoViolations_20240124-30p.json,Pompano Beach
23 09003903,CO 96.26(C)(4),NUISANCE; DENSE TREES / GROWTH,Public,1650 NW 1 TE,ACTIVE,12/19/2023,30,COURTESY NOTICE LETTER (CC),231219,RE INSPECTION,01/19/2024,116,pompanoViolations_20240124-30p.json,Pompano Beach
23 09003903,CO 96.26(C)(3),NUISANCE; GRASS OR WEEDS,Public,1650 NW 1 TE,ACTIVE,12/19/2023,30,COURTESY NOTICE LETTER (CC),231219,RE INSPECTION,01/19/2024,116,pompanoViolations_20240124-30p.json,Pompano Beach
23 09003903,CO 96.26(C)(7),NUISANCE; SIDEWALK OVERGROWTH,Public,1650 NW 1 TE,ACTIVE,12/19/2023,30,COURTESY NOTICE LETTER (CC),231219,RE INSPECTION,01/19/2024,116,pompanoViolations_20240124-30p.json,Pompano Beach
23 09003903,CO 100.06(A),STREET ADDRESS NUMBERS,Public,1650 NW 1 TE,ACTIVE,12/19/2023,30,COURTESY NOTICE LETTER (CC),231219,RE INSPECTION,01/19/2024,116,pompanoViolations_20240124-30p.json,Pompano Beach
23 09003903,CO 155.8202(F),SPECIFIC VIOL; DISTUB LANDSCAP,Public,1650 NW 1 TE,ACTIVE,12/19/2023,30,COURTESY NOTICE LETTER (CC),231219,RE INSPECTION,01/19/2024,116,pompanoViolations_20240124-30p.json,Pompano Beach
23 09003903,CO 155.8202(B),SPECIFIC VIOL; OCCUPY STUCTURE,Public,1650 NW 1 TE,ACTIVE,12/19/2023,30,COURTESY NOTICE LETTER (CC),231219,RE INSPECTION,01/19/2024,116,pompanoViolations_20240124-30p.json,Pompano Beach
23 09003903,CO 155.4303(X)(4) (e),PARKING; SURFACE STANDARDS,Public,1650 NW 1 TE,ACTIVE,12/19/2023,30,COURTESY NOTICE LETTER (CC),231219,RE INSPECTION,01/19/2024,116,pompanoViolations_20240124-30p.json,Pompano Beach
23 09003901,CO 96.12(A)(7),GARBAGE; RES. SCHEDULE,Public,1661 NW 1 TE,ACTIVE,12/19/2023,30,COURTESY NOTICE LETTER (CC),231219,RE INSPECTION,01/19/2024,116,pompanoViolations_20240124-30p.json,Pompano Beach
23 09003901,CO 155.4303(X)(4)(e),PARKING; SURFACE STANDARDS,Public,1661 NW 1 TE,ACTIVE,12/19/2023,30,COURTESY NOTICE LETTER (CC),231219,RE INSPECTION,01/19/2024,124,pompanoViolations_20240124-30p.json,Pompano Beach
23 09003901,CO 152.01(B),FBC; VIOLATION,Public,1661 NW 1 TE,ACTIVE,12/19/2023,30,COURTESY NOTICE LETTER (CC),231219,RE INSPECTION,01/19/2024,124,pompanoViolations_20240124-30p.json,Pompano Beach
23 09003902,CO 96.12(A)(5),ROLL CARTS; PLACEMENT,Public,1690 NW 1 TE,ACTIVE,12/19/2023,30,COURTESY NOTICE LETTER (CC),231219,RE INSPECTION,01/19/2024,124,pompanoViolations_20240124-30p.json,Pompano Beach
23 09003902,CO 113.41(A),BTR; RENTAL HOUSING,Public,1690 NW 1 TE,ACTIVE,12/19/2023,30,COURTESY NOTICE LETTER (CC),231219,RE INSPECTION,01/19/2024,124,pompanoViolations_20240124-30p.json,Pompano Beach
23 09003902,CO 113.41(C)(1),BTR; RENTAL HOUSING INSPECTION,Public,1690 NW 1 TE,ACTIVE,12/19/2023,30,COURTESY NOTICE LETTER (CC),231219,RE INSPECTION,01/19/2024,124,pompanoViolations_20240124-30p.json,Pompano Beach
23 09003902,CO 96.26(D)(4),NUISANCE; STATE OF REPAIR,Public,1690 NW 1 TE,ACTIVE,12/19/2023,30,COURTESY NOTICE LETTER (CC),231219,RE INSPECTION,01/19/2024,124,pompanoViolations_20240124-30p.json,Pompano Beach
23 09003902,CO 96.26(C)(6),NUISANCE; DISCARDED OBJECTS,Public,1690 NW 1 TE,ACTIVE,12/19/2023,30,COURTESY NOTICE LETTER (CC),231219,RE INSPECTION,01/19/2024,124,pompanoViolations_20240124-30p.json,Pompano Beach
23 09003902,CO 100.06(A),STREET ADDRESS NUMBERS,Public,1690 NW 1 TE,ACTIVE,12/19/2023,30,COURTESY NOTICE LETTER (CC),231219,RE INSPECTION,01/19/2024,124,pompanoViolations_20240124-30p.json,Pompano Beach
23 09003902,CO 96.26(D)(5),NUISANCE; BARRIER CONDITION,Public,1690 NW 1 TE,ACTIVE,12/19/2023,30,COURTESY NOTICE LETTER (CC),231219,RE INSPECTION,01/19/2024,124,pompanoViolations_20240124-30p.json,Pompano Beach
23 09003910,CO 96.26(D)(2),NUISANCE; MOISTURE OR VERMIN,Public,1720 NW 1 TE,ACTIVE,12/19/2023,30,COURTESY NOTICE LETTER (CC),231219,RE INSPECTION,01/19/2024,124,pompanoViolations_20240124-30p.json,Pompano Beach
23 09003910,CO 155.8202(F),SPECIFIC VIOL; DISTUB LANDSCAP,Public,1720 NW 1 TE,ACTIVE,12/19/2023,30,COURTESY NOTICE LETTER (CC),231219,RE INSPECTION,01/19/2024,124,pompanoViolations_20240124-30p.json,Pompano Beach
23 09003910,CO 155.5102(C)(10)(a),PARKING; MAINTAINED ALL TIMES,Public,1720 NW 1 TE,ACTIVE,12/19/2023,30,COURTESY NOTICE LETTER (CC),231219,RE INSPECTION,01/19/2024,124,pompanoViolations_20240124-30p.json,Pompano Beach
23 09003910,CO 96.26(D)(5),NUISANCE; BARRIER CONDITION,Public,1720 NW 1 TE,ACTIVE,12/19/2023,30,COURTESY NOTICE LETTER (CC),231219,RE INSPECTION,01/19/2024,132,pompanoViolations_20240124-30p.json,Pompano Beach
23 09003910,CO 96.12(A)(7),GARBAGE; RES. SCHEDULE,Public,1720 NW 1 TE,ACTIVE,12/19/2023,30,COURTESY NOTICE LETTER (CC),231219,RE INSPECTION,01/19/2024,132,pompanoViolations_20240124-30p.json,Pompano Beach
23 09003910,CO 155.8202(B),SPECIFIC VIOL; OCCUPY STUCTURE,Public,1720 NW 1 TE,ACTIVE,12/19/2023,30,COURTESY NOTICE LETTER (CC),231219,RE INSPECTION,01/19/2024,132,pompanoViolations_20240124-30p.json,Pompano Beach
23 09003910,CO 155.4303(X)(4)(e),PARKING; SURFACE STANDARDS,Public,1720 NW 1 TE,ACTIVE,12/19/2023,30,COURTESY NOTICE LETTER (CC),231219,RE INSPECTION,01/19/2024,132,pompanoViolations_20240124-30p.json,Pompano Beach
23 09003915,CO 155.5102(C)(10)(a),PARKING; MAINTAINED ALL TIMES,Public,1731 NW 1 TE,ACTIVE,12/20/2023,29,COURTESY NOTICE LETTER (CC),231220,RE INSPECTION,01/22/2024,132,pompanoViolations_20240124-30p.json,Pompano Beach
23 09003915,CO 155.4303(X)(4)(e),PARKING; SURFACE STANDARDS,Public,1731 NW 1 TE,ACTIVE,12/20/2023,29,COURTESY NOTICE LETTER (CC),231220,RE INSPECTION,01/22/2024,132,pompanoViolations_20240124-30p.json,Pompano Beach
23 09003915,CO 96.12(A)(5),ROLL CARTS; PLACEMENT,Public,1731 NW 1 TE,ACTIVE,12/20/2023,29,COURTESY NOTICE LETTER (CC),231220,RE INSPECTION,01/22/2024,132,pompanoViolations_20240124-30p.json,Pompano Beach
23 09003915,CO 155.8202(F),SPECIFIC VIOL; DISTUB LANDSCAP,Public,1731 NW 1 TE,ACTIVE,12/20/2023,29,COURTESY NOTICE LETTER (CC),231220,RE INSPECTION,01/22/2024,132,pompanoViolations_20240124-30p.json,Pompano Beach
23 09003542,CO 113.41(A),BTR; RENTAL HOUSING,Public,341 SE 1 TE,ACTIVE,10/14/2023,96,COURTESY NOTICE LETTER (CC),231114,AFFIDAVIT OF ALLEGED VIOLATION,11/21/2023,132,pompanoViolations_20240124-30p.json,Pompano Beach
23 09003542,CO 153.08(A),RENTAL; SHORT TERM PERMIT REQ,Public,341 SE 1 TE,ACTIVE,10/14/2023,96,COURTESY NOTICE LETTER (CC),231114,AFFIDAVIT OF ALLEGED VIOLATION,11/21/2023,132,pompanoViolations_20240124-30p.json,Pompano Beach
23 09003790,CO 155.5302(H),"FENCES, MAINTENACE REQUIRED",Public,1501 SW 1 TE,ACTIVE,12/12/2023,37,NOTICE VIOLATION/ HEARING (CC),240118,RE INSPECTION,12/19/2023,132,pompanoViolations_20240124-30p.json,Pompano Beach
23 09003790,CO 155.5102(C)(1)(c),PARKING AREAS; MARKINGS,Public,1501 SW 1 TE,ACTIVE,12/12/2023,37,NOTICE VIOLATION/ HEARING (CC),240118,RE INSPECTION,12/19/2023,132,pompanoViolations_20240124-30p.json,Pompano Beach
23 09003790,CO 96.26(D)(5),NUISANCE; BARRIER CONDITION,Public,1501 SW 1 TE,ACTIVE,12/12/2023,37,NOTICE VIOLATION/ HEARING (CC),240118,RE INSPECTION,12/19/2023,140,pompanoViolations_20240124-30p.json,Pompano Beach
23 09003790,CO 113.41(A),BTR; RENTAL HOUSING,Public,1501 SW 1 TE,ACTIVE,12/12/2023,37,NOTICE VIOLATION/ HEARING (CC),240118,RE INSPECTION,12/19/2023,140,pompanoViolations_20240124-30p.json,Pompano Beach
23 09003790,CO 113.41(C)(1),BTR; RENTAL HOUSING INSPECTION,Public,1501 SW 1 TE,ACTIVE,12/12/2023,37,NOTICE VIOLATION/ HEARING (CC),240118,RE INSPECTION,12/19/2023,140,pompanoViolations_20240124-30p.json,Pompano Beach
23 09003789,CO 96.26(D)(3),NUISANCE; ROOF CONDITION,Public,1511 SW 1 TE,ACTIVE,12/12/2023,37,NOTICE VIOLATION/ HEARING (CC),240118,RE INSPECTION,12/19/2023,140,pompanoViolations_20240124-30p.json,Pompano Beach
23 09003789,CO 155.8202(F),SPECIFIC VIOL; DISTUB LANDSCAP,Public,1511 SW 1 TE,ACTIVE,12/12/2023,37,NOTICE VIOLATION/ HEARING (CC),240118,RE INSPECTION,12/19/2023,140,pompanoViolations_20240124-30p.json,Pompano Beach
23 09003789,CO 155.5102(C)(1)(c),PARKING AREAS; MARKINGS,Public,1511 SW 1 TE,ACTIVE,12/12/2023,37,NOTICE VIOLATION/ HEARING (CC),240118,RE INSPECTION,12/19/2023,140,pompanoViolations_20240124-30p.json,Pompano Beach
23 09003788,CO 100.02(C),DRIVEWAY; CONNECTION UNSAFE,Public,1611 SW 1 TE,ACTIVE,12/12/2023,37,NOTICE VIOLATION/ HEARING (CC),240118,RE INSPECTION,12/19/2023,140,pompanoViolations_20240124-30p.json,Pompano Beach
23 09003788,CO 96.26(D)(3),NUISANCE; ROOF CONDITION,Public,1611 SW 1 TE,ACTIVE,12/12/2023,37,NOTICE VIOLATION/ HEARING (CC),240118,RE INSPECTION,12/19/2023,140,pompanoViolations_20240124-30p.json,Pompano Beach
23 09003788,CO 96.26(D)(2),NUISANCE; MOISTURE OR VERMIN,Public,1611 SW 1 TE,ACTIVE,12/12/2023,37,NOTICE VIOLATION/ HEARING (CC),240118,RE INSPECTION,12/19/2023,140,pompanoViolations_20240124-30p.json,Pompano Beach
23 09003788,CO 96.40(A-B),ABANDONED VEHICLES,Public,1611 SW 1 TE,ACTIVE,12/12/2023,37,NOTICE VIOLATION/ HEARING (CC),240118,RE INSPECTION,12/19/2023,140,pompanoViolations_20240124-30p.json,Pompano Beach
23 09003788,CO 155.5102(C)(1)(c),PARKING AREAS; MARKINGS,Public,1611 SW 1 TE,ACTIVE,12/12/2023,37,NOTICE VIOLATION/ HEARING (CC),240118,RE INSPECTION,12/19/2023,140,pompanoViolations_20240124-30p.json,Pompano Beach
23 09003916,CO 155.8202(F),SPECIFIC VIOL; DISTUB LANDSCAP,Public,1630 NW 1 WY,ACTIVE,12/20/2023,29,COURTESY NOTICE LETTER (CC),231220,RE INSPECTION,01/22/2024,140,pompanoViolations_20240124-30p.json,Pompano Beach
23 09003916,CO 155.5102(C) (10)(a),PARKING; MAINTAINED ALL TIMES,Public,1630 NW 1 WY,ACTIVE,12/20/2023,29,COURTESY NOTICE LETTER (CC),231220,RE INSPECTION,01/22/2024,148,pompanoViolations_20240124-30p.json,Pompano Beach
23 09003916,CO 155.4303(X)(4) (e),PARKING; SURFACE STANDARDS,Public,1630 NW 1 WY,ACTIVE,12/20/2023,29,COURTESY NOTICE LETTER (CC),231220,RE INSPECTION,01/22/2024,148,pompanoViolations_20240124-30p.json,Pompano Beach
23 09003918,CO 155.5102(C) (10)(a),PARKING; MAINTAINED ALL TIMES,Public,1631 NW 1 WY,ACTIVE,12/20/2023,29,COURTESY NOTICE LETTER (CC),231220,RE INSPECTION,01/22/2024,148,pompanoViolations_20240124-30p.json,Pompano Beach
23 09003918,CO 96.26(D)(4),NUISANCE; STATE OF REPAIR,Public,1631 NW 1 WY,ACTIVE,12/20/2023,29,COURTESY NOTICE LETTER (CC),231220,RE INSPECTION,01/22/2024,148,pompanoViolations_20240124-30p.json,Pompano Beach
23 09003918,CO 155.4303(X)(4)(e),PARKING; SURFACE STANDARDS,Public,1631 NW 1 WY,ACTIVE,12/20/2023,29,COURTESY NOTICE LETTER (CC),231220,RE INSPECTION,01/22/2024,148,pompanoViolations_20240124-30p.json,Pompano Beach
23 09003918,CO 96.40(A-B),ABANDONED VEHICLES,Public,1631 NW 1 WY,ACTIVE,12/20/2023,29,COURTESY NOTICE LETTER (CC),231220,RE INSPECTION,01/22/2024,148,pompanoViolations_20240124-30p.json,Pompano Beach
23 09003919,CO 96.26(C)(3),NUISANCE; GRASS OR WEEDS,Public,1700 NW 1 WY,ACTIVE,12/20/2023,29,COURTESY NOTICE LETTER (CC),231220,RE INSPECTION,01/22/2024,148,pompanoViolations_20240124-30p.json,Pompano Beach
23 09003919,CO 96.26(D)(4),NUISANCE; STATE OF REPAIR,Public,1700 NW 1 WY,ACTIVE,12/20/2023,29,COURTESY NOTICE LETTER (CC),231220,RE INSPECTION,01/22/2024,148,pompanoViolations_20240124-30p.json,Pompano Beach
23 09003919,CO 96.12(A)(5),ROLL CARTS; PLACEMENT,Public,1700 NW 1 WY,ACTIVE,12/20/2023,29,COURTESY NOTICE LETTER (CC),231220,RE INSPECTION,01/22/2024,148,pompanoViolations_20240124-30p.json,Pompano Beach
23 09003919,CO 155.5203(B)(6)(a),LANDSCAPING; MAINTENANCE,Public,1700 NW 1 WY,ACTIVE,12/20/2023,29,COURTESY NOTICE LETTER (CC),231220,RE INSPECTION,01/22/2024,148,pompanoViolations_20240124-30p.json,Pompano Beach
23 09003921,CO 155.4303(X)(4)(e),PARKING; SURFACE STANDARDS,Public,1720 NW 1 WY,ACTIVE,12/20/2023,29,COURTESY NOTICE LETTER (CC),231220,RE INSPECTION,01/22/2024,148,pompanoViolations_20240124-30p.json,Pompano Beach
23 09003921,CO 96.12(A)(5),ROLL CARTS; PLACEMENT,Public,1720 NW 1 WY,ACTIVE,12/20/2023,29,COURTESY NOTICE LETTER (CC),231220,RE INSPECTION,01/22/2024,148,pompanoViolations_20240124-30p.json,Pompano Beach
23 09003921,CO 100.06(A),STREET ADDRESS NUMBERS,Public,1720 NW 1 WY,ACTIVE,12/20/2023,29,COURTESY NOTICE LETTER (CC),231220,RE INSPECTION,01/22/2024,156,pompanoViolations_20240124-30p.json,Pompano Beach
23 09003921,CO 155.8202(B),SPECIFIC VIOL; OCCUPY STUCTURE,Public,1720 NW 1 WY,ACTIVE,12/20/2023,29,COURTESY NOTICE LETTER (CC),231220,RE INSPECTION,01/22/2024,156,pompanoViolations_20240124-30p.json,Pompano Beach
23 09003921,CO 155.5203(B)(6) (a),LANDSCAPING; MAINTENANCE,Public,1720 NW 1 WY,ACTIVE,12/20/2023,29,COURTESY NOTICE LETTER (CC),231220,RE INSPECTION,01/22/2024,156,pompanoViolations_20240124-30p.json,Pompano Beach
23 09003492,CO 100.35(H),STREETS; LANDSCAPE IN ROW AREA,Public,1831 NW 1 WY,ACTIVE,11/03/2023,76,COURTESY NOTICE LETTER (CC),231103,RE INSPECTION,11/24/2023,156,pompanoViolations_20240124-30p.json,Pompano Beach
23 09003492,CO 153.17(D),RENTAL; NUM. OF UNITS ALLOWED,Public,1831 NW 1 WY,ACTIVE,11/03/2023,76,COURTESY NOTICE LETTER (CC),231103,RE INSPECTION,11/24/2023,156,pompanoViolations_20240124-30p.json,Pompano Beach
23 09003492,CO 152.01(B),FBC; VIOLATION,Public,1831 NW 1 WY,ACTIVE,11/03/2023,76,COURTESY NOTICE LETTER (CC),231103,RE INSPECTION,11/24/2023,156,pompanoViolations_20240124-30p.json,Pompano Beach
23 09003567,CO 100.02(C),DRIVEWAY; CONNECTION UNSAFE,Public,832 NE 10 AV,ACTIVE,11/16/2023,63,,,COURTESY NOTICE LETTER (CC),11/16/2023,156,pompanoViolations_20240124-30p.json,Pompano Beach
23 09003567,CO 113.41(C)(1),BTR; RENTAL HOUSING INSPECTION,Public,832 NE 10 AV,ACTIVE,11/16/2023,63,,,COURTESY NOTICE LETTER (CC),11/16/2023,156,pompanoViolations_20240124-30p.json,Pompano Beach
23 09003567,CO 113.41(A),BTR; RENTAL HOUSING,Public,832 NE 10 AV,ACTIVE,11/16/2023,63,,,COURTESY NOTICE LETTER (CC),11/16/2023,156,pompanoViolations_20240124-30p.json,Pompano Beach
23 09003567,CO 155.5102(C)(1) (c),PARKING AREAS; MARKINGS,Public,832 NE 10 AV,ACTIVE,11/16/2023,63,,,COURTESY NOTICE LETTER (CC),11/16/2023,156,pompanoViolations_20240124-30p.json,Pompano Beach
24 09004105,CO 155.4303(X)(4) (i)(viii,PARKING; RES EXTEND OVER ROW,Public,2840 NE 10 AV,ACTIVE,11/22/2023,57,COURTESY NOTICE LETTER (CC),240117,RE INSPECTION,01/24/2024,156,pompanoViolations_20240124-30p.json,Pompano Beach
23 09003791,CO 155.4303(X)(4) (e),PARKING; SURFACE STANDARDS,Public,404 NW 10 AV,ACTIVE,12/12/2023,37,,,AFFIDAVIT OF ALLEGED VIOLATION,12/12/2023,156,pompanoViolations_20240124-30p.json,Pompano Beach
23 09003791,CO 96.40(A-B),ABANDONED,Public,404 NW 10,ACTIVE,12/12/2023,37,,,AFFIDAVIT OF,12/12/2023,156,pompanoViolations_20240124-30p.json,Pompano Beach
,,VEHICLES,,AV,,,,,,ALLEGED VIOLATION,,164,pompanoViolations_20240124-30p.json,Pompano Beach
23 09003812,CO 96.40(A-B),ABANDONED VEHICLES,Public,420 NW 10 AV,ACTIVE,12/12/2023,37,,,AFFIDAVIT OF ALLEGED VIOLATION,12/12/2023,164,pompanoViolations_20240124-30p.json,Pompano Beach
23 09003812,CO 96.26(C)(11),NUISANCE; DECAYING GARBAGE,Public,420 NW 10 AV,ACTIVE,12/12/2023,37,,,AFFIDAVIT OF ALLEGED VIOLATION,12/12/2023,164,pompanoViolations_20240124-30p.json,Pompano Beach
23 09003812,CO 155.5102(C)(10)(b),PARKING; PERIODICALLY RESTORED,Public,420 NW 10 AV,ACTIVE,12/12/2023,37,,,AFFIDAVIT OF ALLEGED VIOLATION,12/12/2023,164,pompanoViolations_20240124-30p.json,Pompano Beach
23 09003716,CO 153.33(H),RENTAL; BTR REQUIRED,Public,421 NW 10 AV,ACTIVE,12/07/2023,42,NOTICE VIOLATION/ HEARING (CC),231212,COMPLIANCE DEADLINE INSP.,02/02/2024,164,pompanoViolations_20240124-30p.json,Pompano Beach
23 09003716,CO 155.4403(C)(3) (d)(i),TEMP STORAGE; RES LOCATION,Public,421 NW 10 AV,ACTIVE,12/07/2023,42,NOTICE VIOLATION/ HEARING (CC),231212,COMPLIANCE DEADLINE INSP.,02/02/2024,164,pompanoViolations_20240124-30p.json,Pompano Beach
23 09003716,CO 155.4303(X)(4) (e),PARKING; SURFACE STANDARDS,Public,421 NW 10 AV,ACTIVE,12/07/2023,42,NOTICE VIOLATION/ HEARING (CC),231212,COMPLIANCE DEADLINE INSP.,02/02/2024,164,pompanoViolations_20240124-30p.json,Pompano Beach
23 09003716,CO 155.8202(F),SPECIFIC VIOL; DISTUB LANDSCAP,Public,421 NW 10 AV,ACTIVE,12/07/2023,42,NOTICE VIOLATION/ HEARING (CC),231212,COMPLIANCE DEADLINE INSP.,02/02/2024,164,pompanoViolations_20240124-30p.json,Pompano Beach
23 09003716,CO 96.12(A)(7),GARBAGE; RES. SCHEDULE,Public,421 NW 10 AV,ACTIVE,12/07/2023,42,NOTICE VIOLATION/ HEARING (CC),231212,COMPLIANCE DEADLINE INSP.,02/02/2024,164,pompanoViolations_20240124-30p.json,Pompano Beach
23 09003716,CO 100.06(A),STREET ADDRESS NUMBERS,Public,421 NW 10 AV,ACTIVE,12/07/2023,42,NOTICE VIOLATION/ HEARING (CC),231212,COMPLIANCE DEADLINE INSP.,02/02/2024,164,pompanoViolations_20240124-30p.json,Pompano Beach
23 09003810,CO 155.8202(F),SPECIFIC VIOL; DISTUB LANDSCAP,Public,422 NW 10 AV,ACTIVE,12/12/2023,37,,,AFFIDAVIT OF ALLEGED VIOLATION,12/12/2023,164,pompanoViolations_20240124-30p.json,Pompano Beach
23 09003810,CO 155.5102(C)(10)(b),PARKING; PERIODICALLY RESTORED,Public,422 NW 10 AV,ACTIVE,12/12/2023,37,,,AFFIDAVIT OF ALLEGED VIOLATION,12/12/2023,164,pompanoViolations_20240124-30p.json,Pompano Beach
23 09003792,CO,PARKING; SURFACE,Public,500 NW 10,ACTIVE,12/12/2023,37,,,AFFIDAVIT OF,12/12/2023,164,pompanoViolations_20240124-30p.json,Pompano Beach
,155.4303(X)(4)(e),STANDARDS,,AV,,,,,,ALLEGED VIOLATION,,172,pompanoViolations_20240124-30p.json,Pompano Beach
23 09003792,CO 96.40(A-B),ABANDONED VEHICLES,Public,500 NW 10 AV,ACTIVE,12/12/2023,37,,,AFFIDAVIT OF ALLEGED VIOLATION,12/12/2023,172,pompanoViolations_20240124-30p.json,Pompano Beach
23 09003792,CO 96.26(C)(3),NUISANCE; GRASS OR WEEDS,Public,500 NW 10 AV,ACTIVE,12/12/2023,37,,,AFFIDAVIT OF ALLEGED VIOLATION,12/12/2023,172,pompanoViolations_20240124-30p.json,Pompano Beach
23 09003809,CO 96.26(C)(3),NUISANCE; GRASS OR WEEDS,Public,504 NW 10 AV,ACTIVE,12/12/2023,37,,,AFFIDAVIT OF ALLEGED VIOLATION,12/12/2023,172,pompanoViolations_20240124-30p.json,Pompano Beach
23 09003808,CO 96.26(C)(3),NUISANCE; GRASS OR WEEDS,Public,508 NW 10 AV,ACTIVE,12/12/2023,37,,,AFFIDAVIT OF ALLEGED VIOLATION,12/12/2023,172,pompanoViolations_20240124-30p.json,Pompano Beach
23 09003717,CO 155.8202(F),SPECIFIC VIOL; DISTUB LANDSCAP,Public,613 NW 10 AV,ACTIVE,12/07/2023,42,NOTICE VIOLATION/ HEARING (CC),231212,RE INSPECTION,12/07/2023,172,pompanoViolations_20240124-30p.json,Pompano Beach
23 09003717,CO 155.8202(B),SPECIFIC VIOL; OCCUPY STUCTURE,Public,613 NW 10 AV,ACTIVE,12/07/2023,42,NOTICE VIOLATION/ HEARING (CC),231212,RE INSPECTION,12/07/2023,172,pompanoViolations_20240124-30p.json,Pompano Beach
23 09003717,CO 96.12(A)(7),GARBAGE; RES. SCHEDULE,Public,613 NW 10 AV,ACTIVE,12/07/2023,42,NOTICE VIOLATION/ HEARING (CC),231212,RE INSPECTION,12/07/2023,172,pompanoViolations_20240124-30p.json,Pompano Beach
23 09003717,CO 155.5102(C) (10)(a),PARKING; MAINTAINED ALL TIMES,Public,613 NW 10 AV,ACTIVE,12/07/2023,42,NOTICE VIOLATION/ HEARING (CC),231212,RE INSPECTION,12/07/2023,172,pompanoViolations_20240124-30p.json,Pompano Beach
23 09003725,CO 96.26(C)(6),NUISANCE; DISCARDED OBJECTS,Public,617 NW 10 AV,ACTIVE,12/07/2023,42,NOTICE VIOLATION/ HEARING (CC),231212,COMPLIANCE DEADLINE INSP.,02/02/2024,172,pompanoViolations_20240124-30p.json,Pompano Beach
23 09003725,CO 155.4303(X)(4)(e),PARKING; SURFACE STANDARDS,Public,617 NW 10 AV,ACTIVE,12/07/2023,42,NOTICE VIOLATION/ HEARING (CC),231212,COMPLIANCE DEADLINE INSP.,02/02/2024,172,pompanoViolations_20240124-30p.json,Pompano Beach
23 09003807,CO 96.26(D)(5),NUISANCE; BARRIER CONDITION,Public,700 NW 10 AV,ACTIVE,12/12/2023,37,,,AFFIDAVIT OF ALLEGED VIOLATION,12/12/2023,172,pompanoViolations_20240124-30p.json,Pompano Beach
23 09003807,CO 100.06(A),STREET ADDRESS,Public,700 NW 10,ACTIVE,12/12/2023,37,,,AFFIDAVIT OF,12/12/2023,172,pompanoViolations_20240124-30p.json,Pompano Beach
,,NUMBERS,,AV,,,,,,ALLEGED VIOLATION,,180,pompanoViolations_20240124-30p.json,Pompano Beach
23 09003807,CO 155.4303(X)(4)(e),PARKING; SURFACE STANDARDS,Public,700 NW 10 AV,ACTIVE,12/12/2023,37,,,AFFIDAVIT OF ALLEGED VIOLATION,12/12/2023,180,pompanoViolations_20240124-30p.json,Pompano Beach
23 09003730,CO 113.41(C)(1),BTR; RENTAL HOUSING INSPECTION,Public,701 NW 10 AV,ACTIVE,12/07/2023,42,NOTICE VIOLATION/ HEARING (CC),231212,COMPLIANCE DEADLINE INSP.,02/02/2024,180,pompanoViolations_20240124-30p.json,Pompano Beach
23 09003730,CO 113.41(A),BTR; RENTAL HOUSING,Public,701 NW 10 AV,ACTIVE,12/07/2023,42,NOTICE VIOLATION/ HEARING (CC),231212,COMPLIANCE DEADLINE INSP.,02/02/2024,180,pompanoViolations_20240124-30p.json,Pompano Beach
23 09003730,CO 100.06(A),STREET ADDRESS NUMBERS,Public,701 NW 10 AV,ACTIVE,12/07/2023,42,NOTICE VIOLATION/ HEARING (CC),231212,COMPLIANCE DEADLINE INSP.,02/02/2024,180,pompanoViolations_20240124-30p.json,Pompano Beach
23 09003730,CO 96.26(C)(6),NUISANCE; DISCARDED OBJECTS,Public,701 NW 10 AV,ACTIVE,12/07/2023,42,NOTICE VIOLATION/ HEARING (CC),231212,COMPLIANCE DEADLINE INSP.,02/02/2024,180,pompanoViolations_20240124-30p.json,Pompano Beach
23 09003730,CO 96.12(A)(7),GARBAGE; RES. SCHEDULE,Public,701 NW 10 AV,ACTIVE,12/07/2023,42,NOTICE VIOLATION/ HEARING (CC),231212,COMPLIANCE DEADLINE INSP.,02/02/2024,180,pompanoViolations_20240124-30p.json,Pompano Beach
23 09003805,CO 155.4303(X)(4)(e),PARKING; SURFACE STANDARDS,Public,704 NW 10 AV,ACTIVE,12/12/2023,37,,,AFFIDAVIT OF ALLEGED VIOLATION,12/12/2023,180,pompanoViolations_20240124-30p.json,Pompano Beach
23 09003805,CO 96.26(C)(6),NUISANCE; DISCARDED OBJECTS,Public,704 NW 10 AV,ACTIVE,12/12/2023,37,,,AFFIDAVIT OF ALLEGED VIOLATION,12/12/2023,180,pompanoViolations_20240124-30p.json,Pompano Beach
23 09003805,CO 96.40(A-B),ABANDONED VEHICLES,Public,704 NW 10 AV,ACTIVE,12/12/2023,37,,,AFFIDAVIT OF ALLEGED VIOLATION,12/12/2023,180,pompanoViolations_20240124-30p.json,Pompano Beach
23 09003596,CO 96.12(A)(5),ROLL CARTS; PLACEMENT,Public,709 NW 10 AV,ACTIVE,11/22/2023,57,NOTICE VIOLATION/ HEARING (CC),231212,COMPLIANCE DEADLINE INSP.,02/02/2024,180,pompanoViolations_20240124-30p.json,Pompano Beach
23 09003596,CO 155.8202(F),SPECIFIC VIOL; DISTUB LANDSCAP,Public,709 NW 10 AV,ACTIVE,11/22/2023,57,NOTICE VIOLATION/ HEARING (CC),231212,COMPLIANCE DEADLINE INSP.,02/02/2024,180,pompanoViolations_20240124-30p.json,Pompano Beach
23 09003596,CO 96.26(D)(5),NUISANCE;,Public,709 NW 10,ACTIVE,11/22/2023,57,NOTICE,231212,COMPLIANCE,02/02/2024,180,pompanoViolations_20240124-30p.json,Pompano Beach
,,BARRIER CONDITION,,AV,,,,VIOLATION/ HEARING (CC),,DEADLINE INSP.,,188,pompanoViolations_20240124-30p.json,Pompano Beach
23 09003596,CO 113.41(A),BTR; RENTAL HOUSING,Public,709 NW 10 AV,ACTIVE,11/22/2023,57,NOTICE VIOLATION/ HEARING (CC),231212,COMPLIANCE DEADLINE INSP.,02/02/2024,188,pompanoViolations_20240124-30p.json,Pompano Beach
23 09003596,CO 155.5302(H),"FENCES, MAINTENACE REQUIRED",Public,709 NW 10 AV,ACTIVE,11/22/2023,57,NOTICE VIOLATION/ HEARING (CC),231212,COMPLIANCE DEADLINE INSP.,02/02/2024,188,pompanoViolations_20240124-30p.json,Pompano Beach
23 09003596,CO 96.40(A-B),ABANDONED VEHICLES,Public,709 NW 10 AV,ACTIVE,11/22/2023,57,NOTICE VIOLATION/ HEARING (CC),231212,COMPLIANCE DEADLINE INSP.,02/02/2024,188,pompanoViolations_20240124-30p.json,Pompano Beach
23 09003596,CO 96.26(D)(2),NUISANCE; MOISTURE OR VERMIN,Public,709 NW 10 AV,ACTIVE,11/22/2023,57,NOTICE VIOLATION/ HEARING (CC),231212,COMPLIANCE DEADLINE INSP.,02/02/2024,188,pompanoViolations_20240124-30p.json,Pompano Beach
23 09003596,CO 113.41(C)(1),BTR; RENTAL HOUSING INSPECTION,Public,709 NW 10 AV,ACTIVE,11/22/2023,57,NOTICE VIOLATION/ HEARING (CC),231212,COMPLIANCE DEADLINE INSP.,02/02/2024,188,pompanoViolations_20240124-30p.json,Pompano Beach
24 09004086,CO 96.26(D)(1),NUISANCE; PROTECTIVE COATING,Public,2241 NW 10 CT,ACTIVE,01/16/2024,2,AFFIDAVIT OF ALLEGED VIOLATION,240116,NOTICE VIOLATION/ HEARING (CC),01/16/2024,188,pompanoViolations_20240124-30p.json,Pompano Beach
24 09004086,CO 100.06(A),STREET ADDRESS NUMBERS,Public,2241 NW 10 CT,ACTIVE,01/16/2024,2,AFFIDAVIT OF ALLEGED VIOLATION,240116,NOTICE VIOLATION/ HEARING (CC),01/16/2024,188,pompanoViolations_20240124-30p.json,Pompano Beach
24 09004086,CO 155.4303(X)(4)(e),PARKING; SURFACE STANDARDS,Public,2241 NW 10 CT,ACTIVE,01/16/2024,2,AFFIDAVIT OF ALLEGED VIOLATION,240116,NOTICE VIOLATION/ HEARING (CC),01/16/2024,188,pompanoViolations_20240124-30p.json,Pompano Beach
24 09004086,CO 155.4303(X)(4)(i)(iv),PARKING; RES MOVABLE,Public,2241 NW 10 CT,ACTIVE,01/16/2024,2,AFFIDAVIT OF ALLEGED VIOLATION,240116,NOTICE VIOLATION/ HEARING (CC),01/16/2024,188,pompanoViolations_20240124-30p.json,Pompano Beach
24 09004084,CO 155.8202(B),SPECIFIC VIOL; OCCUPY STUCTURE,Public,2281 NW 10 CT,ACTIVE,01/16/2024,2,AFFIDAVIT OF ALLEGED VIOLATION,240116,RE INSPECTION,01/23/2024,188,pompanoViolations_20240124-30p.json,Pompano Beach
24 09004084,CO 100.06(A),STREET ADDRESS NUMBERS,Public,2281 NW 10 CT,ACTIVE,01/16/2024,2,AFFIDAVIT OF ALLEGED VIOLATION,240116,RE INSPECTION,01/23/2024,188,pompanoViolations_20240124-30p.json,Pompano Beach
24 09004084,CO,PARKING; RES,Public,2281 NW,ACTIVE,01/16/2024,2,AFFIDAVIT OF,240116,RE INSPECTION,01/23/2024,188,pompanoViolations_20240124-30p.json,Pompano Beach
,155.4303(X)(4)(i)(i),LICENSE PLATE,,10 CT,,,,ALLEGED VIOLATION,,,,196,pompanoViolations_20240124-30p.json,Pompano Beach
23 09003937,CO 96.12(A)(6)(a)(2),BULK TRASH; SCHEDULE,Public,901 SE 10 CT,ACTIVE,12/20/2023,29,COURTESY NOTICE LETTER (CC),231221,RE INSPECTION,12/28/2023,196,pompanoViolations_20240124-30p.json,Pompano Beach
23 09003813,CO 96.26(C)(3),NUISANCE; GRASS OR WEEDS,Public,225 NW 10 ST,ACTIVE,12/07/2023,42,COURTESY NOTICE LETTER (CC),231213,AFFIDAVIT OF ALLEGED VIOLATION,02/10/2024,196,pompanoViolations_20240124-30p.json,Pompano Beach
23 09003813,CO 96.26(C)(1),NUISANCE; GARBAGE ACCUMULATION,Public,225 NW 10 ST,ACTIVE,12/07/2023,42,COURTESY NOTICE LETTER (CC),231213,AFFIDAVIT OF ALLEGED VIOLATION,02/10/2024,196,pompanoViolations_20240124-30p.json,Pompano Beach
23 09003813,CO 155.5302(H),"FENCES, MAINTENACE REQUIRED",Public,225 NW 10 ST,ACTIVE,12/07/2023,42,COURTESY NOTICE LETTER (CC),231213,AFFIDAVIT OF ALLEGED VIOLATION,02/10/2024,196,pompanoViolations_20240124-30p.json,Pompano Beach
23 09003813,CO 153.25(H),RENTAL; EXTERIOR ELECTRICAL,Public,225 NW 10 ST,ACTIVE,12/07/2023,42,COURTESY NOTICE LETTER (CC),231213,AFFIDAVIT OF ALLEGED VIOLATION,02/10/2024,196,pompanoViolations_20240124-30p.json,Pompano Beach
23 09003813,CO 153.23(B)(1),RENTAL; ELEC MAINTAINED,Public,225 NW 10 ST,ACTIVE,12/07/2023,42,COURTESY NOTICE LETTER (CC),231213,AFFIDAVIT OF ALLEGED VIOLATION,02/10/2024,196,pompanoViolations_20240124-30p.json,Pompano Beach
23 09003502,CO 100.06(A),STREET ADDRESS NUMBERS,Public,2628 SE 10 ST,ACTIVE,11/07/2023,72,NOTICE VIOLATION/ HEARING (CC),231221,COMPLIANCE DEADLINE INSP.,02/02/2024,196,pompanoViolations_20240124-30p.json,Pompano Beach
23 09003502,CO 153.08(A),RENTAL; SHORT TERM PERMIT REQ,Public,2628 SE 10 ST,ACTIVE,11/07/2023,72,NOTICE VIOLATION/ HEARING (CC),231221,COMPLIANCE DEADLINE INSP.,02/02/2024,196,pompanoViolations_20240124-30p.json,Pompano Beach
23 09003502,CO 153.26(F),RENTAL; BUILDING EVAC PLAN,Public,2628 SE 10 ST,ACTIVE,11/07/2023,72,NOTICE VIOLATION/ HEARING (CC),231221,COMPLIANCE DEADLINE INSP.,02/02/2024,196,pompanoViolations_20240124-30p.json,Pompano Beach
23 09003502,CO 153.23(B)(1),RENTAL; ELEC MAINTAINED,Public,2628 SE 10 ST,ACTIVE,11/07/2023,72,NOTICE VIOLATION/ HEARING (CC),231221,COMPLIANCE DEADLINE INSP.,02/02/2024,196,pompanoViolations_20240124-30p.json,Pompano Beach
23 09003698,CO 151.07,BACKFILLING TIDAL BARRIERS,Public,3210 SE 10 ST,ACTIVE,12/05/2023,44,,,RE INSPECTION,12/15/2023,196,pompanoViolations_20240124-30p.json,Pompano Beach
23 09003601,CO 155.8202(F),SPECIFIC VIOL; DISTUB LANDSCAP,Public,2630 NE 11 AV,ACTIVE,11/22/2023,57,COURTESY NOTICE LETTER,231122,RE INSPECTION,11/29/2023,196,pompanoViolations_20240124-30p.json,Pompano Beach
,,,,,,,,(CC),,,,204,pompanoViolations_20240124-30p.json,Pompano Beach
23 09003601,CO 113.41(A),BTR; RENTAL HOUSING,Public,2630 NE 11 AV,ACTIVE,11/22/2023,57,COURTESY NOTICE LETTER (CC),231122,RE INSPECTION,11/29/2023,204,pompanoViolations_20240124-30p.json,Pompano Beach
23 09003601,CO 155.5302(H),"FENCES, MAINTENACE REQUIRED",Public,2630 NE 11 AV,ACTIVE,11/22/2023,57,COURTESY NOTICE LETTER (CC),231122,RE INSPECTION,11/29/2023,204,pompanoViolations_20240124-30p.json,Pompano Beach
23 09003601,CO 113.41(C)(1),BTR; RENTAL HOUSING INSPECTION,Public,2630 NE 11 AV,ACTIVE,11/22/2023,57,COURTESY NOTICE LETTER (CC),231122,RE INSPECTION,11/29/2023,204,pompanoViolations_20240124-30p.json,Pompano Beach
23 09003601,CO 155.4303(X)(4)(e),PARKING; SURFACE STANDARDS,Public,2630 NE 11 AV,ACTIVE,11/22/2023,57,COURTESY NOTICE LETTER (CC),231122,RE INSPECTION,11/29/2023,204,pompanoViolations_20240124-30p.json,Pompano Beach
23 09003601,CO 152.01(B),FBC; VIOLATION,Public,2630 NE 11 AV,ACTIVE,11/22/2023,57,COURTESY NOTICE LETTER (CC),231122,RE INSPECTION,11/29/2023,204,pompanoViolations_20240124-30p.json,Pompano Beach
23 09003601,CO 155.8202(B),SPECIFIC VIOL; OCCUPY STUCTURE,Public,2630 NE 11 AV,ACTIVE,11/22/2023,57,COURTESY NOTICE LETTER (CC),231122,RE INSPECTION,11/29/2023,204,pompanoViolations_20240124-30p.json,Pompano Beach
24 09004097,CO 155.4303(Y)(3)(b),COMM TRUCKS ON RES LOTS,Public,3111 NE 11 AV,ACTIVE,01/16/2024,2,COURTESY NOTICE LETTER (CC),240117,RE INSPECTION,01/24/2024,204,pompanoViolations_20240124-30p.json,Pompano Beach
24 09004097,CO 96.26(C)(6),NUISANCE; DISCARDED OBJECTS,Public,3111 NE 11 AV,ACTIVE,01/16/2024,2,COURTESY NOTICE LETTER (CC),240117,RE INSPECTION,01/24/2024,204,pompanoViolations_20240124-30p.json,Pompano Beach
24 09004097,CO 113.41(C)(1),BTR; RENTAL HOUSING INSPECTION,Public,3111 NE 11 AV,ACTIVE,01/16/2024,2,COURTESY NOTICE LETTER (CC),240117,RE INSPECTION,01/24/2024,204,pompanoViolations_20240124-30p.json,Pompano Beach
24 09004097,CO 113.41(A),BTR; RENTAL HOUSING,Public,3111 NE 11 AV,ACTIVE,01/16/2024,2,COURTESY NOTICE LETTER (CC),240117,RE INSPECTION,01/24/2024,204,pompanoViolations_20240124-30p.json,Pompano Beach
23 09003913,CO 96.26(C)(3),NUISANCE; GRASS OR WEEDS,Public,4230 NE 11 AV,ACTIVE,12/15/2023,34,COURTESY NOTICE LETTER (CC),231220,RE INSPECTION,12/27/2023,204,pompanoViolations_20240124-30p.json,Pompano Beach
23 09003913,CO 96.26(D)(5),NUISANCE; BARRIER,Public,4230 NE 11 AV,ACTIVE,12/15/2023,34,COURTESY NOTICE LETTER,231220,RE INSPECTION,12/27/2023,204,pompanoViolations_20240124-30p.json,Pompano Beach
,,CONDITION,,,,,,(CC),,,,212,pompanoViolations_20240124-30p.json,Pompano Beach
23 09003913,CO 155.5102(C) (10)(b),PARKING; PERIODICALLY RESTORED,Public,4230 NE 11 AV,ACTIVE,12/15/2023,34,COURTESY NOTICE LETTER (CC),231220,RE INSPECTION,12/27/2023,212,pompanoViolations_20240124-30p.json,Pompano Beach
23 09003913,CO 96.26(D)(1),NUISANCE; PROTECTIVE COATING,Public,4230 NE 11 AV,ACTIVE,12/15/2023,34,COURTESY NOTICE LETTER (CC),231220,RE INSPECTION,12/27/2023,212,pompanoViolations_20240124-30p.json,Pompano Beach
23 09003913,CO 96.26(C)(7),NUISANCE; SIDEWALK OVERGROWTH,Public,4230 NE 11 AV,ACTIVE,12/15/2023,34,COURTESY NOTICE LETTER (CC),231220,RE INSPECTION,12/27/2023,212,pompanoViolations_20240124-30p.json,Pompano Beach
23 09003913,CO 96.40(A-B),ABANDONED VEHICLES,Public,4230 NE 11 AV,ACTIVE,12/15/2023,34,COURTESY NOTICE LETTER (CC),231220,RE INSPECTION,12/27/2023,212,pompanoViolations_20240124-30p.json,Pompano Beach
23 09003913,CO 113.41(C)(1),BTR; RENTAL HOUSING INSPECTION,Public,4230 NE 11 AV,ACTIVE,12/15/2023,34,COURTESY NOTICE LETTER (CC),231220,RE INSPECTION,12/27/2023,212,pompanoViolations_20240124-30p.json,Pompano Beach
23 09003913,CO 96.26(C)(8),NUISANCE; DANGEROUS TREE,Public,4230 NE 11 AV,ACTIVE,12/15/2023,34,COURTESY NOTICE LETTER (CC),231220,RE INSPECTION,12/27/2023,212,pompanoViolations_20240124-30p.json,Pompano Beach
23 09003913,CO 113.41(A),BTR; RENTAL HOUSING,Public,4230 NE 11 AV,ACTIVE,12/15/2023,34,COURTESY NOTICE LETTER (CC),231220,RE INSPECTION,12/27/2023,212,pompanoViolations_20240124-30p.json,Pompano Beach
23 09003913,CO 155.5302(H),"FENCES, MAINTENACE REQUIRED",Public,4230 NE 11 AV,ACTIVE,12/15/2023,34,COURTESY NOTICE LETTER (CC),231220,RE INSPECTION,12/27/2023,212,pompanoViolations_20240124-30p.json,Pompano Beach
23 09003913,CO 96.55(A-B),BOARDED BUILDING; PERMIT REQ,Public,4230 NE 11 AV,ACTIVE,12/15/2023,34,COURTESY NOTICE LETTER (CC),231220,RE INSPECTION,12/27/2023,212,pompanoViolations_20240124-30p.json,Pompano Beach
23 09003853,CO 113.41(A),BTR; RENTAL HOUSING,Public,109 SE 11 AV,ACTIVE,12/08/2023,41,COURTESY NOTICE LETTER (CC),231214,RE INSPECTION,12/21/2023,212,pompanoViolations_20240124-30p.json,Pompano Beach
23 09003853,CO 153.08(A),RENTAL; SHORT TERM PERMIT REQ,Public,109 SE 11 AV,ACTIVE,12/08/2023,41,COURTESY NOTICE LETTER (CC),231214,RE INSPECTION,12/21/2023,212,pompanoViolations_20240124-30p.json,Pompano Beach
24 09004111,CO 155.8202(B),SPECIFIC VIOL; OCCUPY STUCTURE,Public,2300 NW 11 CT,ACTIVE,01/18/2024,0,AFFIDAVIT OF ALLEGED,240118,RE INSPECTION,01/25/2024,212,pompanoViolations_20240124-30p.json,Pompano Beach
,,,,,,,,VIOLATION,,,,220,pompanoViolations_20240124-30p.json,Pompano Beach
24 09004116,CO 155.8202(A),SPECIFIC VIOL; DEV PERMIT REQ,Public,2320 NW 11 CT,ACTIVE,01/18/2024,0,AFFIDAVIT OF ALLEGED VIOLATION,240118,RE INSPECTION,01/25/2024,220,pompanoViolations_20240124-30p.json,Pompano Beach
23 09003541,CO 153.23(B)(1),RENTAL; ELEC MAINTAINED,Public,212 NW 11 ST,ACTIVE,11/02/2023,77,COURTESY NOTICE LETTER (CC),231114,RE INSPECTION,12/14/2023,220,pompanoViolations_20240124-30p.json,Pompano Beach
23 09003541,CO 153.17(D),RENTAL; NUM. OF UNITS ALLOWED,Public,212 NW 11 ST,ACTIVE,11/02/2023,77,COURTESY NOTICE LETTER (CC),231114,RE INSPECTION,12/14/2023,220,pompanoViolations_20240124-30p.json,Pompano Beach
23 09003541,CO 153.25(H),RENTAL; EXTERIOR ELECTRICAL,Public,212 NW 11 ST,ACTIVE,11/02/2023,77,COURTESY NOTICE LETTER (CC),231114,RE INSPECTION,12/14/2023,220,pompanoViolations_20240124-30p.json,Pompano Beach
23 09003541,CO 152.01(B),FBC; VIOLATION,Public,212 NW 11 ST,ACTIVE,11/02/2023,77,COURTESY NOTICE LETTER (CC),231114,RE INSPECTION,12/14/2023,220,pompanoViolations_20240124-30p.json,Pompano Beach
23 09003541,CO 113.41(C)(1),BTR; RENTAL HOUSING INSPECTION,Public,212 NW 11 ST,ACTIVE,11/02/2023,77,COURTESY NOTICE LETTER (CC),231114,RE INSPECTION,12/14/2023,220,pompanoViolations_20240124-30p.json,Pompano Beach
23 09003510,CO 155.4303(Y)(3)(b),COMM TRUCKS ON RES LOTS,Public,2421 NW 11 ST,ACTIVE,11/09/2023,70,NOTICE VIOLATION/ HEARING (CC),231221,COMPLIANCE DEADLINE INSP.,02/02/2024,220,pompanoViolations_20240124-30p.json,Pompano Beach
24 09004123,CO 155.8202(B),SPECIFIC VIOL; OCCUPY STUCTURE,Public,2700 NW 11 ST,ACTIVE,01/18/2024,0,AFFIDAVIT OF ALLEGED VIOLATION,240118,RE INSPECTION,01/25/2024,220,pompanoViolations_20240124-30p.json,Pompano Beach
24 09004123,CO 155.8202(F),SPECIFIC VIOL; DISTUB LANDSCAP,Public,2700 NW 11 ST,ACTIVE,01/18/2024,0,AFFIDAVIT OF ALLEGED VIOLATION,240118,RE INSPECTION,01/25/2024,220,pompanoViolations_20240124-30p.json,Pompano Beach
24 09004123,CO 152.01(B),FBC; VIOLATION,Public,2700 NW 11 ST,ACTIVE,01/18/2024,0,AFFIDAVIT OF ALLEGED VIOLATION,240118,RE INSPECTION,01/25/2024,220,pompanoViolations_20240124-30p.json,Pompano Beach
24 09004121,CO 113.41(A),BTR; RENTAL HOUSING,Public,2780 NW 11 ST,ACTIVE,01/18/2024,0,AFFIDAVIT OF ALLEGED VIOLATION,240118,RE INSPECTION,01/25/2024,220,pompanoViolations_20240124-30p.json,Pompano Beach
24 09004121,CO 155.8202(B),SPECIFIC VIOL; OCCUPY STUCTURE,Public,2780 NW 11 ST,ACTIVE,01/18/2024,0,AFFIDAVIT OF ALLEGED,240118,RE INSPECTION,01/25/2024,220,pompanoViolations_20240124-30p.json,Pompano Beach
,,,,,,,,VIOLATION,,,,228,pompanoViolations_20240124-30p.json,Pompano Beach
24 09004121,CO 155.4303(X)(4) (e),PARKING; SURFACE STANDARDS,Public,2780 NW 11 ST,ACTIVE,01/18/2024,0,AFFIDAVIT OF ALLEGED VIOLATION,240118,RE INSPECTION,01/25/2024,228,pompanoViolations_20240124-30p.json,Pompano Beach
24 09004121,CO 155.8202(F),SPECIFIC VIOL; DISTUB LANDSCAP,Public,2780 NW 11 ST,ACTIVE,01/18/2024,0,AFFIDAVIT OF ALLEGED VIOLATION,240118,RE INSPECTION,01/25/2024,228,pompanoViolations_20240124-30p.json,Pompano Beach
24 09004121,CO 113.41(C)(1),BTR; RENTAL HOUSING INSPECTION,Public,2780 NW 11 ST,ACTIVE,01/18/2024,0,AFFIDAVIT OF ALLEGED VIOLATION,240118,RE INSPECTION,01/25/2024,228,pompanoViolations_20240124-30p.json,Pompano Beach
24 09004117,CO 155.4303(X)(4) (a),PARKING; VACANT LOT,Public,2792 NW 11 ST,ACTIVE,01/18/2024,0,AFFIDAVIT OF ALLEGED VIOLATION,240118,RE INSPECTION,01/25/2024,228,pompanoViolations_20240124-30p.json,Pompano Beach
23 09003775,CO 155.4303(X)(4) (b),PARKING; RES DIST TRUCK SIZE,Public,140 SE 11 ST,ACTIVE,12/05/2023,44,COURTESY NOTICE LETTER (CC),231211,AFFIDAVIT OF ALLEGED VIOLATION,01/09/2024,228,pompanoViolations_20240124-30p.json,Pompano Beach
23 09003741,CO 96.26(C)(1),NUISANCE; GARBAGE ACCUMULATION,Public,2930 NE 11 TE,ACTIVE,12/07/2023,42,COURTESY NOTICE LETTER (CC),231208,RE INSPECTION,12/15/2023,228,pompanoViolations_20240124-30p.json,Pompano Beach
23 09003741,CO 96.26(C)(3),NUISANCE; GRASS OR WEEDS,Public,2930 NE 11 TE,ACTIVE,12/07/2023,42,COURTESY NOTICE LETTER (CC),231208,RE INSPECTION,12/15/2023,228,pompanoViolations_20240124-30p.json,Pompano Beach
23 09003741,CO 96.26(D)(5),NUISANCE; BARRIER CONDITION,Public,2930 NE 11 TE,ACTIVE,12/07/2023,42,COURTESY NOTICE LETTER (CC),231208,RE INSPECTION,12/15/2023,228,pompanoViolations_20240124-30p.json,Pompano Beach
23 09003741,CO 155.5302(H),"FENCES, MAINTENACE REQUIRED",Public,2930 NE 11 TE,ACTIVE,12/07/2023,42,COURTESY NOTICE LETTER (CC),231208,RE INSPECTION,12/15/2023,228,pompanoViolations_20240124-30p.json,Pompano Beach
23 09003741,CO 96.26(C)(7),NUISANCE; SIDEWALK OVERGROWTH,Public,2930 NE 11 TE,ACTIVE,12/07/2023,42,COURTESY NOTICE LETTER (CC),231208,RE INSPECTION,12/15/2023,228,pompanoViolations_20240124-30p.json,Pompano Beach
23 09003741,CO 155.8202(F),SPECIFIC VIOL; DISTUB LANDSCAP,Public,2930 NE 11 TE,ACTIVE,12/07/2023,42,COURTESY NOTICE LETTER (CC),231208,RE INSPECTION,12/15/2023,228,pompanoViolations_20240124-30p.json,Pompano Beach
23 09003741,CO 96.26(D)(3),NUISANCE; ROOF CONDITION,Public,2930 NE 11 TE,ACTIVE,12/07/2023,42,COURTESY NOTICE LETTER,231208,RE INSPECTION,12/15/2023,228,pompanoViolations_20240124-30p.json,Pompano Beach
,,,,,,,,(CC),,,,236,pompanoViolations_20240124-30p.json,Pompano Beach
23 09003741,CO 96.12(A)(5),ROLL CARTS; PLACEMENT,Public,2930 NE 11 TE,ACTIVE,12/07/2023,42,COURTESY NOTICE LETTER (CC),231208,RE INSPECTION,12/15/2023,236,pompanoViolations_20240124-30p.json,Pompano Beach
23 09003700,CO 96.40(A-B),ABANDONED VEHICLES,Public,4211 NE 11 TE,ACTIVE,12/01/2023,48,COURTESY NOTICE LETTER (CC),231205,RE INSPECTION,12/12/2023,236,pompanoViolations_20240124-30p.json,Pompano Beach
23 09003700,CO 155.4303(X)(4)(i)(iii),PARKING; RES PLACED NEAT,Public,4211 NE 11 TE,ACTIVE,12/01/2023,48,COURTESY NOTICE LETTER (CC),231205,RE INSPECTION,12/12/2023,236,pompanoViolations_20240124-30p.json,Pompano Beach
23 09003715,CO 155.5102(C)(2)(a),OFF-STREET PARKING; SURFACING,Public,1450 SW 11 TE,ACTIVE,12/07/2023,42,COURTESY NOTICE LETTER (CC),231207,RE INSPECTION,12/14/2023,236,pompanoViolations_20240124-30p.json,Pompano Beach
23 09003715,CO 96.26(C)(3),NUISANCE; GRASS OR WEEDS,Public,1450 SW 11 TE,ACTIVE,12/07/2023,42,COURTESY NOTICE LETTER (CC),231207,RE INSPECTION,12/14/2023,236,pompanoViolations_20240124-30p.json,Pompano Beach
23 09003715,CO 155.8202(F),SPECIFIC VIOL; DISTUB LANDSCAP,Public,1450 SW 11 TE,ACTIVE,12/07/2023,42,COURTESY NOTICE LETTER (CC),231207,RE INSPECTION,12/14/2023,236,pompanoViolations_20240124-30p.json,Pompano Beach
23 09003715,CO 96.26(C)(1),NUISANCE; GARBAGE ACCUMULATION,Public,1450 SW 11 TE,ACTIVE,12/07/2023,42,COURTESY NOTICE LETTER (CC),231207,RE INSPECTION,12/14/2023,236,pompanoViolations_20240124-30p.json,Pompano Beach
23 09003715,CO 155.8202(B),SPECIFIC VIOL; OCCUPY STUCTURE,Public,1450 SW 11 TE,ACTIVE,12/07/2023,42,COURTESY NOTICE LETTER (CC),231207,RE INSPECTION,12/14/2023,236,pompanoViolations_20240124-30p.json,Pompano Beach
23 09003967,CO 155.8202(F),SPECIFIC VIOL; DISTUB LANDSCAP,Public,2300 NE 12 AV,ACTIVE,12/20/2023,29,COURTESY NOTICE LETTER (CC),231227,RE INSPECTION,01/03/2024,236,pompanoViolations_20240124-30p.json,Pompano Beach
23 09003967,CO 113.41(A),BTR; RENTAL HOUSING,Public,2300 NE 12 AV,ACTIVE,12/20/2023,29,COURTESY NOTICE LETTER (CC),231227,RE INSPECTION,01/03/2024,236,pompanoViolations_20240124-30p.json,Pompano Beach
23 09003967,CO 96.26(C)(6),NUISANCE; DISCARDED OBJECTS,Public,2300 NE 12 AV,ACTIVE,12/20/2023,29,COURTESY NOTICE LETTER (CC),231227,RE INSPECTION,01/03/2024,236,pompanoViolations_20240124-30p.json,Pompano Beach
23 09003967,CO 96.26(D)(3),NUISANCE; ROOF CONDITION,Public,2300 NE 12 AV,ACTIVE,12/20/2023,29,COURTESY NOTICE LETTER,231227,RE INSPECTION,01/03/2024,236,pompanoViolations_20240124-30p.json,Pompano Beach
